1.128285356695869768e-01,5.622159899724478785e-03,2.696875514341491087e+00,1.755692990162538158e-01,1.797487642414463127e-01,7.555136677807670065e-01,1.735710029299503132e-02,1.633750000000000202e-01,-2.874110019926277459e+01,1.979018428445362021e+00,2.880845920664643067e-01,-3.367039277035704936e-01,-5.131714381692125126e-01,5.430676744894066127e-02,9.577232793180026627e-02,-1.112355975491878535e-01,-5.874442338521813911e-02,-3.698737336624571131e-02,-1.526805848252730247e-01,-1.705525248710175745e-01,-2.463179883277418492e-01,2.817097542332928223e-02,1.087402434228182391e-02,4.327154770933903938e-02,1.197499884936216973e-02,1.420417247904827776e-02,1.672051291608256732e-02,3.516093241969097533e-02,2.490821780535314601e-03,5.042037718615593328e-03,1.640551418441143008e-02,2.270788640088690705e-02,1.943876628349563637e-02,2.854051262238280900e-02,6.686245173553931331e-02,6.966891861156552547e-03,4.972768103155526531e-01,4.917478061309835113e-02,4.127652594844401224e-02,6.245240364192398141e-01,1.061282452062172268e-02,1.504955875599015558e-01,4.135635220014654223e+00,8.514371714659583201e-01,9.035678957355206542e-01,5.415254955001320702e-01,4.672391289757157895e-01,5.088712746175565460e-01,2.280272102077640362e-01,2.347382720205389572e-01,3.622421458740565647e-01,2.898697406635640794e-01,3.537186944696417701e-01,2.833213427046476496e-01,3.240874740035417090e-01,3.035530553285008259e-02,2.021545725981413813e-02,5.946828067279986973e-02,1.857166653755249613e-02,2.519822159498435327e-02,3.424982229497727099e-02,4.945085872571702845e-02,5.041292265304627394e-03,5.116039740516988184e-03,2.509575975720803459e-02,2.236835978208839837e-02,3.746772200390360158e-02,1.686674803023639757e-02
6.914893617021275474e-02,6.224395399034847454e-03,2.993489167198686296e+00,1.370553383876497722e-01,1.643931589691629003e-01,5.027924542441827294e-01,1.759292319884376427e-02,1.140000000000000180e-01,-2.682745686259920603e+01,2.717357917721624716e+00,-1.657908943031586591e-01,2.534069657682609389e-01,3.565044904485685506e-02,1.231622773224984313e-01,7.892619547194032470e-02,-3.939619358853269082e-01,-1.255204094558499128e-01,-2.019551594411125753e-04,-2.242732054637433803e-01,8.933535795089075915e-02,-1.137153447425158087e-01,3.379011318327089508e-02,1.844566901781988883e-03,2.596111370059491635e-02,7.133854207567673356e-03,1.358182298360085215e-02,2.481479982121812672e-02,5.150533852626361375e-02,2.005661113223074742e-03,7.185290358505151340e-03,3.352410902784344615e-02,2.880553599208364110e-02,3.932662428259033234e-03,3.219419774734130074e-02,5.592949447260007340e-02,5.540159263247222861e-03,4.197339035962210918e-01,3.375730339701695643e-02,4.363835531451858846e-02,4.298609048480973582e-01,8.982046040444249119e-03,1.043743263451314546e-01,1.641724443049370930e+00,8.429564171072684298e-01,7.339907754545591523e-01,4.605079416056497288e-01,3.610293828002161254e-01,2.588376692546875413e-01,3.619885936651874858e-01,3.117836259830130130e-01,2.359161377257710801e-01,2.560266049251337939e-01,2.939273733309227254e-01,3.088554757349117885e-01,3.722904604486813596e-01,5.074094469697836701e-02,4.045371586805450448e-03,3.868228796908477346e-02,1.278984830989530856e-02,1.216121842470067882e-02,3.093130072958544946e-02,5.247615854514414702e-02,3.054615148832469460e-03,8.788448966296638978e-03,3.644078447055244113e-02,4.266986024965528645e-02,6.050406615321123407e-03,1.139544585068391798e-02
9.173967459324156026e-02,3.759360855292682383e-03,2.707704707016273638e+00,1.733113020105180591e-01,1.869912947688900373e-01,7.538577001096661290e-01,1.789582332642209242e-02,1.482499999999999929e-01,-3.014324083719059288e+01,2.026706404558564323e+00,1.989394872185720059e-02,1.342789164857222106e-01,-1.827184025654211563e-01,-1.755517898687216638e-01,2.205246834483290397e-01,-1.938487448096804233e-01,-8.601484956984478680e-02,1.302596563417557918e-01,-9.021063224728025076e-02,1.237362305883393521e-01,-2.112160811516990699e-01,2.650050252647004334e-02,2.867954155066940007e-03,9.508451727225475381e-02,6.201629969772652108e-03,9.817796845358658236e-03,5.491940806878591562e-03,4.143279370678011608e-02,4.521802104791040541e-03,6.816163048447535129e-03,2.725737201526501341e-02,2.165816174463781885e-02,1.332852334013667241e-02,3.696522063771899569e-02,7.737270260764399221e-02,5.843318644327034558e-03,4.907884361446878119e-01,4.942117682440302223e-02,3.283657832776919194e-02,6.048413870048607865e-01,8.904127773581243729e-03,1.491603583396071131e-01,3.987652860046614123e+00,1.015334069855913679e+00,5.304588080873644529e-01,6.050901451013839250e-01,4.521888098294051805e-01,2.989537269059235891e-01,3.802161599855846674e-01,3.886766731114677520e-01,2.517599628616488672e-01,2.719015040847030940e-01,2.297292702296670486e-01,3.205981185097790398e-01,4.282653626122135404e-01,3.456469827982592419e-02,3.808970420396897913e-03,1.002506523449567671e-01,4.718628378700706963e-03,8.524475845528661083e-03,7.994456137675744548e-03,4.124425026422043339e-02,1.019328866257285075e-02,8.573798794123854011e-03,3.227451252091857042e-02,2.543628239097810856e-02,3.414463118675536979e-02,2.305566801816749320e-02
8.979974968710888183e-02,3.216024096390082600e-03,2.638371736982960236e+00,1.812150457859372787e-01,2.108253312535297019e-01,5.331173570787327565e-01,1.863590983560815470e-02,8.262500000000000400e-02,-3.109369527570653347e+01,2.218886362104131926e+00,3.558647351510680901e-01,2.675411795633250156e-01,-2.180980465899326204e-01,2.153293340893362023e-02,7.499692516543778054e-02,-1.577776835934185939e-01,-3.709532811823047088e-02,-6.187514048390461985e-02,-1.133634200672253567e-01,1.461060726979138136e-01,-1.127234485199653767e-02,1.236209332606605892e-02,2.712933168028868001e-03,6.692587214611156465e-02,6.004849369164082587e-03,1.380020199741808021e-02,1.352304033208808279e-02,7.456463129189085104e-02,8.039527307390905786e-04,9.412663613971663373e-03,4.334284646279128878e-02,1.879522711277082161e-02,5.603949805491116078e-03,3.848985033242896536e-02,6.840561180646635708e-02,5.699051359463430493e-03,6.205613369178265559e-01,7.255234696197240818e-02,6.325561752307709562e-02,4.377953975271697828e-01,1.050223947010677991e-02,7.328657363392014623e-02,5.075934591638736393e+00,8.892784615539637283e-01,7.370080245881943659e-01,4.748828742642276501e-01,5.261666737361779811e-01,3.857855277096145508e-01,3.362018050037778871e-01,3.520995362900088410e-01,2.362860418067215806e-01,2.501157950911236383e-01,2.156395045176129344e-01,2.424770807409121764e-01,3.169312240167864170e-01,2.140112687947820502e-02,4.904338461572480164e-03,9.363391101659816751e-02,7.461841492935395066e-03,1.429835254023300445e-02,2.111585299821036252e-02,6.389520286341041078e-02,1.053568073821748797e-03,1.915881852302399671e-02,4.548336527500802112e-02,1.983162704283615574e-02,1.217797687320665290e-02,2.169917293064797456e-02
1.103254067584480413e-01,1.994462851082060093e-03,2.843179018959188120e+00,1.951715732024233152e-01,1.963477035376384461e-01,8.218450322602286473e-01,2.942216059869822570e-02,1.697500000000000120e-01,-3.091684358663642840e+01,1.639365894597072160e+00,7.259423463224927431e-02,-4.040750010501245049e-01,-4.365317818998997734e-01,-3.213153881614413399e-01,-3.385076057278765260e-01,-9.768679482899726707e-02,-2.614653033316985953e-01,-4.971266477346726609e-02,3.607237361716858492e-02,1.615215786938505593e-01,1.125167940223856522e-01,1.359149128607972656e-02,3.947065879046925130e-03,4.516875812056211914e-02,1.640958999803872678e-02,1.310232221257452701e-02,1.336462022294677109e-02,5.494549094957078272e-02,2.312912193382394600e-03,3.333008847178341172e-02,9.021795470016550841e-03,1.087232354981295702e-02,5.101548514585201727e-03,3.583529318098337829e-02,6.729213529134364657e-02,2.553015820222084321e-03,5.299086373291532759e-01,5.752565035687803169e-02,4.357575925693470131e-02,7.229205653575270230e-01,2.025145723115711477e-02,1.509633647611234308e-01,3.929318092002211493e+00,1.104070926781701933e+00,7.567531235464775019e-01,5.231526982444670848e-01,4.232370478018314119e-01,3.495124974840568277e-01,4.725658960783342688e-01,4.801990035650059441e-01,3.581505762321753328e-01,3.277613136071917954e-01,3.268153774741660578e-01,4.439821634348518620e-01,4.236785211658561368e-01,3.585234011784274588e-02,4.564657789198699189e-03,8.170042958834512759e-02,3.720093150159365508e-02,1.746053195730737362e-02,1.804127884884582783e-02,5.925575364313417220e-02,4.188513692927400833e-03,5.161985277395779448e-02,1.268130165737810060e-02,2.306187365372471682e-02,8.962484848587351158e-03,1.895742237068264238e-02
1.234042553191489616e-01,2.836316454134838426e-03,2.943646933674719079e+00,1.663684702589938169e-01,1.576702742814320435e-01,8.206339183817334959e-01,2.759685965558342224e-02,1.557500000000000273e-01,-2.877959736915185118e+01,1.758873223750471171e+00,-7.014374206712006288e-01,-4.292054344924580711e-01,-4.435745373988561058e-01,-2.326214730996733204e-01,-2.513602690584290644e-01,-1.900130944563162561e-01,-3.493883126160609032e-01,-2.772164174967993167e-01,-3.567567225305477985e-01,-7.663254889296065853e-02,2.557840516003679482e-02,2.115908829998944946e-02,9.627391006479140909e-03,2.208794747356310553e-02,1.124652081072804663e-02,1.699650251311683041e-02,3.585186229816021697e-02,2.666873603922830308e-02,1.717108730297845593e-03,6.198727544820485831e-03,1.078779552884057309e-02,5.503954372328930846e-03,8.068404575022301850e-03,2.421244666951366878e-02,7.310936394341485678e-02,2.532664027661803412e-03,3.963504895575979403e-01,5.061781217719503456e-02,4.295356525965989686e-02,7.111065371637671495e-01,1.971104640898866181e-02,1.297596335537365697e-01,2.910649625622942160e+00,1.296263352712667904e+00,9.401108431852747138e-01,5.896760803492188119e-01,3.241596467976549101e-01,3.252494112228593859e-01,3.213382996297610150e-01,4.230313526703763372e-01,4.033756102657082288e-01,3.332591340588434425e-01,3.576914453846026243e-01,5.327453750216515349e-01,6.200829403944257967e-01,4.506560118371213952e-02,1.750104723827928394e-02,2.343695050776027286e-02,1.355173000391067875e-02,2.750059668179393249e-02,5.257880346575577457e-02,4.428723146201309774e-02,2.227709466250098018e-03,6.308495752253877147e-03,1.591702409245638813e-02,5.350832773850199876e-03,1.373732086555043766e-02,1.529958920647889881e-02
8.942428035043804846e-02,1.778673165518591601e-03,2.756830873755748534e+00,1.510849516173685680e-01,1.827921075502234871e-01,4.585204633983820943e-01,2.613901506365143984e-02,1.103749999999999731e-01,-3.002145292531116638e+01,2.549268211274367424e+00,-3.679880474354106368e-01,-3.753414283838656107e-02,-3.601566232658613975e-01,-3.441012273987716363e-01,3.430625304104227558e-02,9.363529410360449390e-02,-2.568024037257691794e-01,-1.143082850652322735e-01,-3.305385991729333783e-01,-1.630711206446035233e-01,-1.102069238444003813e-01,1.993054644228806765e-02,1.531954121614043964e-02,3.547959863157402333e-02,2.936222053527371562e-02,1.675323503367821126e-02,1.183127598584543874e-02,1.574295551528536244e-02,2.895331288894412419e-03,5.174690584618977379e-03,3.090046067428297433e-02,1.659329690252234896e-02,1.109185749998596940e-02,2.879612259230995147e-02,7.124741590316553685e-02,2.844537149794711204e-03,6.215823316780539898e-01,4.636155187227667535e-02,3.534469042143948553e-02,5.739345314243620155e-01,1.537007457666411669e-02,1.085624100460191588e-01,2.766661627947430091e+00,1.163768284089972571e+00,1.118809962081102505e+00,6.750373263584547034e-01,3.701069701645258170e-01,2.565985053534725613e-01,1.860398502753540795e-01,3.100129235256694482e-01,3.249587713598741656e-01,4.540569366916757388e-01,3.564905500975582009e-01,3.640650621017252897e-01,4.238434220872662750e-01,2.550458761733065405e-02,2.795516659866615836e-02,4.719295837100553198e-02,4.356768713878939742e-02,2.724502001605483975e-02,1.890612048339451040e-02,1.411648026696640280e-02,7.119470960710303983e-03,7.508493334125816189e-03,5.327592816722550445e-02,2.516299550244863181e-02,2.320248030502483627e-02,1.255168139474118622e-02
9.499374217772216245e-02,5.359011557322484499e-03,2.835386982326830285e+00,2.092233973895273047e-01,2.236862646524268305e-01,5.850548669161590443e-01,2.183928916368689521e-02,1.198749999999999954e-01,-3.106247619510530811e+01,2.120146769839262646e+00,6.707846221534317921e-02,-4.127257035314030875e-01,-4.968390761011277912e-02,-6.860148602575925902e-02,-4.995170019902375746e-02,3.188500986435468393e-03,-2.091940203683441690e-01,-4.108409291907051397e-01,-3.902062737134751602e-01,-2.454415749453971729e-01,1.083582356922615092e-01,1.215155171167664125e-02,3.340599986902493407e-03,9.198243898371569194e-02,4.972862454170143276e-02,2.139511761238242771e-02,1.838419232864810585e-02,5.225532708593542269e-02,1.154701994499938728e-03,3.770415212822457625e-03,4.740151833162472780e-03,1.344408167470981588e-02,4.210344170760980421e-03,4.517067980126553139e-02,7.656659731562291682e-02,6.534020494394671662e-03,5.134766905469546616e-01,8.130509734208538064e-02,8.345497882704462633e-02,6.246397742473100978e-01,1.327572351776315496e-02,1.503651285205449550e-01,6.232916857382151399e+00,9.706619290096980546e-01,6.818798424911184375e-01,5.458889115697490579e-01,2.971715165137079340e-01,2.797610115847130041e-01,4.371035155144699091e-01,3.975350420309593513e-01,3.485121362845364223e-01,4.025097293065038606e-01,4.135159772155649338e-01,3.702424720539896352e-01,3.245571909775033514e-01,2.552395029935478066e-02,6.119823005345149600e-03,9.512994601960023111e-02,6.812160420520343984e-02,3.416665754197456550e-02,4.456017033086587253e-02,7.958434872921665848e-02,1.689478733533999067e-03,6.728495102905002363e-03,5.053089906958392261e-03,2.324078794033046860e-02,5.895040304413007651e-03,2.487728451997068060e-02
1.065707133917396660e-01,4.135967318635772223e-03,2.728526914427210404e+00,1.559667099033361370e-01,1.569585228460104454e-01,5.832691345077085643e-01,2.147060295979915170e-02,1.224999999999999839e-01,-2.797356218900449676e+01,2.459482890152169254e+00,-4.948553102423720595e-01,-3.192798513015663447e-02,-1.659812566752983387e-01,-2.798882477865227703e-01,-7.889155093416118369e-02,-2.809977579913437440e-01,-8.218239017664222268e-02,-3.795802476042827722e-01,-4.098215451531908582e-01,-5.018117043071012029e-01,-2.311537872055602350e-01,2.926356563767423119e-02,6.633222953205205122e-03,4.052796435761585325e-02,6.065064262379234183e-02,2.011176302896778428e-02,6.455009273263927379e-03,7.079349471411931598e-03,1.663265602349953045e-03,5.401348513171884587e-03,2.091902451523012380e-02,8.675997402386139562e-03,6.750211768665819248e-03,2.842592176334290954e-02,8.285344879731731949e-02,3.630009181760854211e-03,7.932893521108753676e-01,6.081344190330569693e-02,4.023235643744559054e-02,4.447882361606376733e-01,8.025261439402029198e-03,1.154664453423590864e-01,2.340071225341841199e+00,1.065399152923678816e+00,1.151786196120651251e+00,4.482721786191617985e-01,2.901166429475366959e-01,3.154600427098540050e-01,2.799910342484627224e-01,3.842192191298602899e-01,3.366404530147490970e-01,3.486781184001809808e-01,3.834563999282449287e-01,2.812339651779552363e-01,2.921665765044071938e-01,4.715447788006085078e-02,1.215892466989353972e-02,3.074771900628134325e-02,6.226667159426466785e-02,2.335308100769325351e-02,9.297590594313428006e-03,8.720275173773356370e-03,3.229754120180811962e-03,8.397717466733576122e-03,3.295959241214622970e-02,1.296675826290927258e-02,1.226342894168270387e-02,1.514544791646608470e-02
9.361702127659576878e-02,2.252739509121953927e-03,2.836908908562101317e+00,1.674375424199048834e-01,1.741498898325578859e-01,7.496098400932111883e-01,2.212425072421040501e-02,1.601250000000000173e-01,-2.888500920503400948e+01,2.215314033811311312e+00,4.319003979748951838e-02,-1.140645421592750564e-01,-3.196636967151971764e-01,-1.535101113050460486e-01,6.170199424535728616e-02,-1.042920865427728605e-01,-5.612153660205052713e-02,-2.764861663259245428e-01,-1.644240199622064025e-01,-3.111278637842799788e-01,-2.639093805853846009e-01,3.966529097704978718e-02,1.223261737844142868e-02,5.061110746931242466e-02,1.729199673229954437e-02,1.019113257390462032e-02,6.047198815048507141e-03,2.312358016346084677e-02,4.692047656104924268e-03,1.056587769704945765e-02,2.391947872051606444e-02,1.275210210770527999e-02,5.628231733629576392e-03,2.624971926094381638e-02,5.757822243841101417e-02,3.451665336446222473e-03,4.016100098880626690e-01,4.698176404425172259e-02,3.139990804155520787e-02,6.325412230720496298e-01,1.460918212696119510e-02,1.334154109351689543e-01,2.228247427789944446e+00,8.836449473256370313e-01,8.387775732895011993e-01,6.279125136740018043e-01,4.278492353834719708e-01,4.602741671925213440e-01,2.947538501718086623e-01,3.936626434265085295e-01,1.928187374542089938e-01,2.525420748675012428e-01,3.836768681667603320e-01,3.430172912249814798e-01,3.601630682473325740e-01,5.178039363523043864e-02,1.655493278061074755e-02,5.092350977507772297e-02,2.563119734529447150e-02,9.668887173368400506e-03,6.340301589279683653e-03,2.390852056230687375e-02,8.245209600781825202e-03,1.627988420103902364e-02,3.052216142703613813e-02,1.349979108378040853e-02,9.446010213561806604e-03,1.331278084597188778e-02
7.246558197747185459e-02,1.220436287212930395e-03,2.837497278376444054e+00,2.003196473415924661e-01,2.386085970056668892e-01,6.762181220955529870e-01,1.688831086591546099e-02,1.140000000000000180e-01,-3.413632417864961610e+01,2.242068051514242821e+00,-7.251119885814312493e-02,5.130156411225633706e-01,6.884396564709398258e-02,-1.675282315175157313e-02,-7.010779929920969711e-02,-1.437980397188579063e-02,2.375761627818516186e-01,1.602997091904297400e-01,-1.295248664666974192e-01,3.581522242177576781e-02,2.459830585713889198e-02,7.157978787216097601e-03,2.055800836835540955e-03,1.182310377048098327e-01,4.461517258526138778e-03,7.032375951902360318e-03,3.119199086125872510e-03,6.975837870580052502e-02,1.515560620370316747e-03,1.859348651534399946e-02,3.957842771254162229e-02,1.620299875415045707e-02,3.501044145465844696e-03,4.791369248222174942e-02,4.108850081634070339e-02,2.534687389250189250e-03,6.367748169055534868e-01,7.307114232029537915e-02,7.695369711641307509e-02,5.617449016044444576e-01,2.077965925840500813e-02,1.034027320722233217e-01,5.506051807929030595e+00,1.031673421909880872e+00,5.909921083853209023e-01,6.863078528417513313e-01,5.215709778178347911e-01,3.433620743500565564e-01,3.190875488439859353e-01,3.312227180140235872e-01,1.276442189987393172e-01,3.135634861902948378e-01,2.432656058852319392e-01,1.664785062285621120e-01,2.156461353916825918e-01,7.005579461853903706e-03,2.084114702164693769e-03,1.367499055355262394e-01,4.768868243550484359e-03,6.719036751104565108e-03,3.250625622099660890e-03,5.508592961946522093e-02,2.537953991629569167e-03,3.238351335792594154e-02,4.393837622655020342e-02,1.032774921404796577e-02,5.041344948729545999e-03,2.980597587846930269e-02
1.081977471839799809e-01,6.050883053894221507e-03,2.708547733982949346e+00,2.001172865034565318e-01,2.098154549502995736e-01,6.847092781070791556e-01,1.902843470967336900e-02,1.907500000000000306e-01,-3.003713844876697792e+01,2.184638985933517574e+00,6.034381780491833158e-01,-3.194714995587539796e-01,-3.498191175784511886e-01,-1.261911882688381281e-01,3.378594602880286013e-02,-1.389199611617607522e-01,-6.055022383725368329e-02,1.160503517096065362e-01,-1.610321415344686535e-01,2.205937487289210686e-01,-2.840021330748501160e-01,1.123984306556194759e-02,5.334369622888699217e-03,4.614296103974512009e-02,9.473008027885329238e-03,9.008788704072852316e-03,1.400583425480564706e-02,3.919429860001945320e-02,3.066141169071686431e-03,2.364770036623788790e-02,2.941725404364546950e-02,2.392397104492525323e-02,3.237420173113867393e-03,2.933195345037965113e-02,6.564867176897919154e-02,7.496618789013581065e-03,7.119373413605897261e-01,6.044643533779233552e-02,5.863173822808732255e-02,5.283356741426590286e-01,1.052468910757891306e-02,1.575616942660874320e-01,5.577852637989041185e+00,9.256622736302484444e-01,4.023162592948374972e-01,6.043651270329294389e-01,3.948864383595168115e-01,3.118839183463127385e-01,2.931408708123613982e-01,2.481603722740091666e-01,2.829682444149254628e-01,1.773920458927219224e-01,3.575635517136251940e-01,2.461440705998282075e-01,3.489825999609112994e-01,1.517401461165788362e-02,1.143681222063225485e-02,6.868593517222519595e-02,1.301634611652031058e-02,1.183494846107084088e-02,2.959847488661019460e-02,6.519346787879143346e-02,7.558934321454240622e-03,3.791216906651416474e-02,3.152501898562246746e-02,2.129271341082729363e-02,4.095603599064431485e-03,1.999724641698278488e-02
7.096370463078846558e-02,7.030634533782681266e-03,2.945258325174789249e+00,1.786543044113315659e-01,1.836669121312492770e-01,6.892310022135083036e-01,1.967335533550755577e-02,1.601250000000000173e-01,-2.774016748507250441e+01,2.167891415189378002e+00,7.720980682148202989e-01,-5.124170112234208707e-01,-4.822905275562364702e-01,-2.608687223349130391e-01,-9.890584294937551646e-02,-9.174452097421734176e-02,-2.145512834161821814e-01,3.011365831121385894e-01,-2.094032724527911393e-01,3.918844376736578539e-02,-1.467633386381898553e-01,3.163990181217944675e-02,2.987839139515378363e-03,1.982829347557146793e-02,7.475086393630861123e-03,1.445726634060474393e-02,2.488044711517786722e-02,3.236842698049710587e-02,4.033894684348486408e-03,1.536368892070842651e-02,2.872306566969772337e-02,2.651699365371455383e-02,1.864801610414101168e-02,2.752657777786836693e-02,2.674690167225434942e-02,6.968613879894128282e-03,5.189987205057713382e-01,4.949868364528983711e-02,3.382069504158492779e-02,3.995544523366586498e-01,1.422809607700025250e-02,1.144892871625987490e-01,3.672600622649667468e+00,9.595363584300109494e-01,8.883937882127281860e-01,4.612571744185872680e-01,4.940596426042224154e-01,2.448294844433282491e-01,3.500408579433992862e-01,3.925177516475938377e-01,2.724734257563558582e-01,3.079754650554711315e-01,2.115474403172868112e-01,2.678359327446224181e-01,2.630372025917060430e-01,4.149653248687492496e-02,2.424430143693278618e-03,3.084102239765678169e-02,1.115015193357762717e-02,2.007381377664904307e-02,3.945141353186477906e-02,3.208087499021588379e-02,7.907558810504427757e-03,1.904817036764858834e-02,3.010631730278713961e-02,3.194424689653028310e-02,3.006318263395546184e-02,9.235683737956775288e-03
1.254693366708385383e-01,1.936444353923978332e-02,2.579065362152966223e+00,1.971332446735015453e-01,1.740035620926230764e-01,9.302424526917926206e-01,1.420513903244703668e-02,1.771249999999999492e-01,-2.772324600454088994e+01,1.296087277927191472e+00,-7.517527089976593357e-01,-3.113180492148278078e-01,1.822113087905741780e-01,-3.537834868745859396e-01,2.581926219001868250e-01,-4.051693047803976711e-02,8.318207765072656301e-02,2.906803753556342351e-01,-1.163915866792686743e-01,7.510210483706687701e-02,-5.901224279070950429e-02,2.773122187997657459e-02,1.171803902256987953e-02,2.370309122327044632e-02,1.113436820037006295e-02,9.615782112368038287e-03,5.423858702668505130e-03,3.036127174167552178e-02,5.729859094266460430e-03,1.004926095801028998e-02,1.182229470056804857e-02,1.274871290077078320e-02,1.001110240749166283e-02,1.917283883777164480e-02,8.245604035966187795e-02,2.883642358423908758e-02,8.354372134260829030e-01,5.931964943996042433e-02,5.270988948812593833e-02,5.259258491800793411e-01,7.414735996063155990e-03,1.251156340150982038e-01,4.936799437576455674e+00,1.339967447189838179e+00,9.789475368957590851e-01,6.497825103955870985e-01,8.304425291991683888e-01,4.362352990340748748e-01,1.643619729252774331e-01,3.584570803167587694e-01,2.354362482522308619e-01,2.254908300080567807e-01,3.048389610606418443e-01,2.963372890140924532e-01,3.526869281626727748e-01,4.834385350510070345e-02,1.639654032574280537e-02,3.489665195474112719e-02,2.569901101601936022e-02,1.236902980570283792e-02,4.326323657965975948e-03,6.642159948747754228e-02,5.991746363791780605e-03,1.583582486973031736e-02,9.405381941219046263e-03,1.448219332803369307e-02,8.531167462518763830e-03,2.096340018735121796e-02
9.918648310387984113e-02,3.724829352206810405e-03,2.805379993400898719e+00,2.004902290167692169e-01,2.156447254044306094e-01,6.664684819897772616e-01,1.676097009768596699e-02,1.666250000000000231e-01,-2.989251924610037037e+01,2.211508640111981450e+00,9.858407429619682194e-01,-3.850688441249136007e-01,-1.827150513274352905e-01,-2.037117781464178601e-01,-1.083374858414063169e-01,-5.772219984288001760e-02,-1.597289379490627464e-02,2.749605027114779832e-01,-5.051501213053425504e-03,1.760847401584355043e-01,-7.086033266862787339e-02,8.764707343504115830e-03,2.147019443115030790e-03,2.854737903000142268e-02,4.808828612883395311e-03,8.554139996469556709e-03,6.858715026835310487e-03,5.653378520538546864e-02,1.374592785260110844e-03,1.652520227816850137e-02,3.622962967069374290e-02,4.534837002080326779e-02,4.815855305951833275e-03,2.942151479070644407e-02,5.510846651132209756e-02,3.935884366178066772e-03,5.070512202660070189e-01,4.379738263800390247e-02,5.400567087380508946e-02,5.031327790872639483e-01,1.024114612023143377e-02,1.433402311809214291e-01,5.341052754845228456e+00,8.433356280877211120e-01,8.454888300599372464e-01,6.623977491678221252e-01,3.321169711197475283e-01,3.852418189362218359e-01,3.242203432306486888e-01,2.105109052294145133e-01,2.571337590661723072e-01,1.969775249439516540e-01,2.224169665441411148e-01,2.505735542082416223e-01,1.924729601653244471e-01,9.512231905342918153e-03,3.697836307768836810e-03,4.479729063008108803e-02,6.605525907282677918e-03,8.669953487822833552e-03,8.621378709537153712e-03,6.785821077820000657e-02,2.769972419816810975e-03,2.186638822348635144e-02,2.921395889274093841e-02,4.684582550486082048e-02,5.019673793335123826e-03,1.673457380270888112e-02
9.974968710888612589e-02,3.452986223927120239e-03,2.837022156699941622e+00,2.060966082405586985e-01,2.058263154158651298e-01,7.913371449356734200e-01,1.563860277306042615e-02,1.469999999999999918e-01,-2.996194053501627153e+01,1.895462427566425134e+00,4.227885890494939569e-01,-1.381502399477779197e-01,8.398542605631598157e-02,-1.555132262346250183e-01,1.271382870284770428e-01,-1.362282452945669520e-01,-1.539015411349806406e-01,3.739083625200562699e-01,-1.959119162509563583e-01,2.029764185783114461e-01,-1.168346963067593142e-01,6.407379604352546679e-03,4.254923859836779766e-03,5.354175971614323626e-02,2.207602338524498886e-02,2.821335989999173427e-02,7.285759400735679174e-03,4.265751222098439904e-02,2.213651960161910990e-03,1.317776678831069671e-02,1.770190865682312945e-02,1.911724741611674563e-02,3.143217057993473972e-03,2.857903928644526734e-02,4.923613846066694083e-02,4.554005214242726717e-03,3.822124065087395550e-01,6.491314106391717076e-02,8.019855884123625045e-02,4.443203650443292019e-01,1.099178642255097677e-02,1.097742000654069877e-01,6.072729568911500841e+00,1.088223962130025368e+00,1.197638261861563969e+00,4.572197028279026410e-01,5.399733482846387211e-01,2.983382155844706562e-01,2.680943594154378551e-01,2.651583034683331896e-01,2.870825131751002512e-01,2.247381948137987251e-01,3.117553742479079459e-01,2.761398175694109725e-01,1.772602272150421432e-01,8.113627019531152729e-03,8.221732618980598373e-03,8.899094763350479109e-02,3.132506300053950615e-02,3.278244323275700950e-02,7.733451530396896235e-03,6.101597657800683638e-02,3.444888165954387502e-03,1.742001904720869021e-02,2.199189672033249887e-02,2.583559201634654315e-02,4.372924424907429809e-03,2.497726129570594644e-02
1.075093867334167702e-01,5.922886962429600895e-03,2.786359909402109203e+00,1.745577391307943649e-01,1.767496159909277553e-01,6.996054760037793141e-01,1.913621630738173568e-02,1.458750000000000324e-01,-2.864991254167258106e+01,2.352112889223218595e+00,6.935172747559107398e-01,-1.856824969250966406e-01,-2.550953929078373927e-01,8.136321761351468507e-02,-3.717561991479729350e-02,1.589451730764282200e-01,1.251337461725115716e-02,5.715988153571780611e-02,3.411988750735193976e-02,8.128624592838874785e-02,-2.786245257488453170e-02,9.516659618755916525e-03,8.679226328683616737e-03,1.970862732439967319e-02,9.230632453747238467e-03,2.005203191937611484e-02,1.634744521716577706e-02,7.003885741875090498e-02,2.982340817242615152e-03,1.901831642395758470e-02,2.405153799773104839e-02,1.279435081159853958e-02,1.818847447582139926e-03,2.586397530545782655e-02,8.153046689000156833e-02,7.246097980218382979e-03,4.861081079861992449e-01,7.992644325147887918e-02,5.584845119680534320e-02,6.343674612865837226e-01,8.269285925808540424e-03,1.471548397946870201e-01,4.255380492448879615e+00,1.018963242733491148e+00,1.007025621723977249e+00,5.846067311828092583e-01,4.843001966027529748e-01,3.020425004173898920e-01,3.326851612312926032e-01,3.136965911590388068e-01,2.644554229518437105e-01,2.528036850766900434e-01,2.240267500419877711e-01,2.287856462099086274e-01,2.155570814625760168e-01,9.826921867559533508e-03,1.300393573699926662e-02,1.833616904614284934e-02,1.433276362496694288e-02,2.280401822790192531e-02,2.507157476343094271e-02,5.783598423684919304e-02,4.430213102423770540e-03,3.104644255893319535e-02,2.358009694465600450e-02,1.144750781542022353e-02,1.696206029242113087e-03,1.357966009059361281e-02
1.155193992490613220e-01,3.144741931507612741e-03,2.626982984065671989e+00,1.802099972538105666e-01,1.953328527456805186e-01,6.151820625389834429e-01,1.455041091250841231e-02,1.316249999999999643e-01,-2.848352982610652617e+01,2.533624202660684777e+00,2.596774022905742885e-01,-5.830238473258366610e-02,-7.700810126484405882e-02,-1.009262835366437627e-01,1.379928000041673666e-02,1.743954995137110275e-01,8.602974748885760040e-03,6.487730195870114458e-02,1.599541140379618365e-01,6.543424405126455068e-02,-6.352725410389438443e-02,1.630532672985964687e-02,1.199372788790599269e-02,1.874016696187156758e-02,1.703771651233160905e-02,3.728263912627059751e-02,1.301206072735114003e-02,4.394498187622315755e-02,7.154210317979819815e-03,7.339145363470933950e-03,1.963671112279400180e-02,1.733098314373874085e-02,1.038080302987261574e-02,2.193482923673917978e-02,9.731032358857139020e-02,3.932005105488324374e-03,5.939608818128030432e-01,7.007715040260872885e-02,5.032413613993057255e-02,4.584899364114722320e-01,5.928232274677409583e-03,1.338569082079815731e-01,3.606602106338041125e+00,1.088463553909957637e+00,1.113559798193163086e+00,4.434722250581298320e-01,4.986188723527368860e-01,2.814119069082250402e-01,3.769068604766598329e-01,2.165687760463149425e-01,3.736496390439683624e-01,2.356111972421026102e-01,1.943973033089014257e-01,2.090486006736158586e-01,1.577363320865078911e-01,1.855886828481518452e-02,2.732141058540780987e-02,1.871489226781564846e-02,2.448486172664960867e-02,4.086847229878220328e-02,1.162828959451774405e-02,2.933053657763548192e-02,1.433988232042981981e-02,7.051103563928088659e-03,1.610731319588213153e-02,1.524821411408850032e-02,2.190103100860393143e-02,1.048063609159138355e-02
8.448060075093868915e-02,4.975896144125785577e-03,2.728953692244588503e+00,1.445358331653924244e-01,1.514346609782085407e-01,6.538256474404234853e-01,2.220425629588330604e-02,1.408750000000000280e-01,-2.753359686015575747e+01,2.627375923923270129e+00,-1.724206607851915263e-01,-4.668649767117456773e-02,-2.327685310185276246e-01,-7.350531564781297156e-02,2.166522096098904560e-01,7.374765465326448000e-02,-4.200039512560345412e-02,1.486135679816240063e-01,7.048304761399450460e-03,-2.482742398869405148e-02,-3.380835016271960345e-03,1.105659320555936465e-02,1.572595050547102510e-02,1.658990643924938141e-02,1.923036083903090915e-02,2.331635574037559111e-02,2.182813414583569325e-02,3.525857857747938945e-02,4.614146391981698361e-03,8.888143132939231930e-03,2.300138505130019939e-02,1.430852368733536231e-02,7.600716124666223941e-03,2.208516531365000216e-02,7.129579516838961684e-02,5.719510096158311914e-03,5.205551501796855662e-01,5.383957322415086622e-02,2.993546710155105262e-02,5.988341885813309728e-01,1.420350281199450095e-02,1.281412184857003700e-01,2.656389139340318728e+00,1.079963678038600161e+00,9.543278927575983284e-01,4.329401995472378362e-01,5.355041280005250481e-01,3.637322442370283793e-01,2.959004796442123442e-01,2.104771662951316902e-01,2.737875175756204760e-01,2.019833871849600060e-01,1.569106379428877318e-01,2.406832561802919046e-01,2.334615584094922314e-01,1.392577029181386698e-02,1.933186644342897720e-02,1.090745856412345983e-02,4.129295209107620990e-02,2.516459561624384209e-02,3.961396803935184063e-02,3.324477800074084749e-02,6.039706097792209814e-03,1.122154279544402763e-02,2.831945374357697914e-02,2.553037649259373015e-02,1.206969874432745407e-02,1.335880829067056033e-02
1.200250312891113919e-01,7.343326908654246310e-03,2.693052739712563426e+00,2.133473096872514907e-01,2.399684556368482102e-01,6.771636340958789857e-01,1.287551060750793432e-02,1.245000000000000134e-01,-3.102776152063449899e+01,2.399407429276143588e+00,4.888241321343753110e-02,1.800009428709170023e-01,-1.118875483885009847e-01,-8.561552076014376789e-02,-5.124822983004984067e-03,1.004225765512297419e-01,4.730191401735424567e-04,1.318598475759218958e-01,-7.856677614326623704e-02,-6.587405412048644160e-02,-1.110082302535674997e-01,2.989017819162537865e-02,1.214690913878184453e-02,7.094051553021371581e-02,4.514435644215355342e-03,1.458385393945335097e-02,1.449286504179169398e-02,5.345776968158205689e-02,1.920779718041315488e-03,8.990413200829487639e-03,1.475294050616653141e-02,2.142794473869518573e-02,9.417427418663042518e-03,3.013057488977387635e-02,8.682367027850260155e-02,1.077499157935465739e-02,6.508497838119104983e-01,7.096742782201434507e-02,6.938998280029347321e-02,3.470397054585279140e-01,7.306877083920790272e-03,1.227232659278590099e-01,6.566905398057671484e+00,7.289739737389072660e-01,7.444562285513977029e-01,4.112958077879664276e-01,7.630118937692931258e-01,3.092843119022756215e-01,3.416696321617987975e-01,2.164357855341023096e-01,2.380293309401808333e-01,1.594970938496692858e-01,3.791326365958704869e-01,2.522767044670440328e-01,2.729996499713787661e-01,3.050559842759616169e-02,1.535685589617065416e-02,7.298749587557350205e-02,3.273322774584183203e-03,1.163006283948402921e-02,2.087303974618408275e-02,4.181664591673454889e-02,3.668139316004974306e-03,9.978709119191599836e-03,1.672283472049610961e-02,1.746123838326155142e-02,1.463537236153692085e-02,1.610642828538050991e-02
8.110137672090113325e-02,6.830110622118200185e-03,2.640307842977947406e+00,1.666445298596425650e-01,1.944705449398052566e-01,5.241327993401098118e-01,1.829134299729513399e-02,1.318750000000000200e-01,-2.800679571407945190e+01,2.996906620566336166e+00,6.246279650397985606e-01,-3.703130585596031699e-02,1.692401960354929513e-01,-3.188289595850244962e-01,6.194071046139489056e-02,1.697776212547343899e-01,7.534969123872918562e-02,1.205255498343961867e-01,-3.633789816550507534e-02,8.740188732225537271e-02,1.302502510333169439e-01,1.527951975195868117e-02,4.117579592756668953e-03,2.700971397457151493e-02,8.739455414598029659e-03,2.703748886488081121e-02,1.341457878897212887e-02,4.221879085139815246e-02,1.420131870544286221e-03,1.521025973176467171e-02,4.347527284034908429e-02,2.214064038265944195e-02,3.731944398567907904e-03,2.548419883495566668e-02,6.899923766315917140e-02,6.917878352217930737e-03,5.790394565572964947e-01,5.267483239365818720e-02,3.865427393193428263e-02,3.862701801111144695e-01,1.143449826348045748e-02,1.415248984278031641e-01,3.253818672165933013e+00,7.280255989715563869e-01,1.038994549518060806e+00,5.664760970536484308e-01,4.061041850943359344e-01,1.663196136767960687e-01,3.313105893007913250e-01,2.257183013680270356e-01,2.010672335237007058e-01,2.228698599408183434e-01,2.130261800857894405e-01,2.489567649924297188e-01,2.214803779334300615e-01,1.866430684152118810e-02,7.070292117948412912e-03,3.243440762830048646e-02,9.357249182266437829e-03,2.998334921859932556e-02,1.916460928628302071e-02,3.894530530244073863e-02,2.908799633110077058e-03,1.771944172095366032e-02,4.799794160189654185e-02,2.209790201836630066e-02,4.563929960027225674e-03,1.186520325456123619e-02
1.064455569461827400e-01,3.863308673412932381e-03,2.675890268814598905e+00,1.508809936358875003e-01,1.682550631134292485e-01,7.076778843272883979e-01,1.914674324617272189e-02,1.397499999999999853e-01,-2.869682597961664072e+01,2.669442801175833768e+00,2.700138734072173308e-01,2.644081512064954120e-01,5.188866690621062039e-02,-2.495815737988624772e-01,1.221230176666167344e-01,3.181967894405380859e-01,-6.969547701952458207e-02,2.247975767087898036e-01,-3.010110256822983235e-02,4.168068244317933019e-02,4.463809855493910093e-03,1.398532096228667296e-02,8.204681703505928986e-03,3.026427027794379929e-02,8.643089941995769215e-03,1.721740830246830389e-02,1.153939387049421512e-02,5.074050284982504350e-02,5.498159580749685180e-03,5.446830357503366048e-03,3.134424936470975309e-02,2.051143487732804208e-02,2.811940296357231910e-03,2.189572070696138226e-02,7.081850594559264966e-02,4.648303991550427165e-03,4.250288851471535345e-01,5.524015224498204923e-02,3.384488926985397550e-02,6.488970925597087325e-01,1.223192107193803169e-02,1.266908145841678657e-01,2.951044271769690308e+00,1.251162781166913929e+00,1.152808230608690199e+00,4.303619739294340940e-01,4.100926605647543521e-01,3.146345307900028643e-01,3.562693572561250743e-01,2.931029211474306950e-01,2.738913651933546078e-01,2.798300267545391629e-01,1.715976966769438838e-01,1.807511300797489950e-01,1.501003617672606594e-01,1.565842794532657997e-02,1.463922919161062854e-02,2.945252413579772105e-02,1.514970768298487536e-02,1.029624294541745845e-02,1.112712808834006618e-02,4.467172686692551242e-02,1.088823177979272340e-02,5.109514333167613186e-03,2.863497632696118678e-02,2.101723418646282704e-02,2.179072220261238282e-03,1.047160852251122730e-02
4.943679599499373883e-02,4.028353563731244119e-04,2.524498149215569143e+00,1.195431914257622380e-01,1.696845871659368177e-01,4.149943195837438314e-01,1.981275586730750493e-02,7.958333333333332538e-02,-3.096514611674356843e+01,3.437619155819914951e+00,-4.512460495688719320e-01,7.559818290680184738e-01,3.379793472263876719e-01,1.283725156435162329e-01,-9.081546240417208427e-02,3.131068182421721247e-01,-2.072623830505947173e-01,2.404539322097175580e-01,3.260633567776593522e-01,7.889978618069287339e-03,7.832613773697509607e-02,7.771744367029043143e-03,1.551428547919991375e-03,7.853077556302621998e-02,8.284486234285008688e-03,2.816656217604330756e-02,7.946388535676231213e-03,3.295315161031053125e-02,3.967169982598187268e-03,8.025539612562403516e-03,3.786690549181612880e-02,4.319129411586295625e-02,3.316325589562416423e-03,3.003936463851097916e-02,3.803568694722610916e-02,3.024480689372164785e-04,5.889948304790652012e-01,3.636631241739244486e-02,4.648632749789242957e-02,3.021658191549075889e-01,9.327389634718621578e-03,4.345535704093979323e-02,2.610881698740970869e+00,5.223887786787736465e-01,6.403970045963381930e-01,3.249544923298007815e-01,1.684240645397361569e-01,3.189096995616410579e-01,3.394500072914777844e-01,1.180987714192611726e-01,1.228866860091104712e-01,7.776580127299523304e-02,2.023439293303004316e-01,1.049515186323721067e-01,1.404592960777478194e-01,1.756747215603175196e-03,8.395913732647956916e-04,5.486380510044430725e-02,7.643518008036032964e-03,9.768467953962215941e-03,5.759564695676529407e-03,2.163120432109805896e-02,4.820530061444757222e-03,4.550572943374506241e-03,2.808423652835637455e-02,5.376381810008505624e-02,2.704825654199280362e-03,1.427720410090832850e-02
