2.095744680851063801e-01,3.246382044170470493e-02,2.959533141151517111e+00,2.317699200260985859e-01,1.516483657875720426e-01,1.300708230052486369e+00,9.355952928549692710e-03,2.648749999999999716e-01,-2.458111064562078951e+01,-1.587873200863973433e-01,-5.621288290186652326e-01,-1.841444098053884315e-01,-1.577058778386482008e-01,-8.723643920185682188e-02,-2.265581960625377977e-01,2.441279690021742610e-01,-3.437878264588168364e-01,2.722291788704703785e-01,-1.841188316246715750e-01,3.342130158848152233e-01,-2.846116208379868562e-01,4.472963952154111571e-03,1.185625057139447561e-02,7.071286724391279144e-03,6.873249053329602565e-03,1.323122718932865857e-02,7.520772628479226347e-03,1.114313910837973556e-02,8.726082411550119960e-03,7.300665050888879501e-03,6.760525458428287386e-03,1.122962875154670526e-02,3.931195779528074211e-03,9.813130748313792645e-03,7.531410653072188877e-02,2.145787819794353624e-02,3.568332816941063856e-01,5.309702472400755491e-02,2.659105712939638724e-02,3.118494799757196012e-01,5.484680611226310475e-03,8.841477181444286348e-02,2.214252008251420989e+00,1.248316652787136327e+00,1.426235391823095666e+00,3.431592813537105435e-01,7.159148507378971793e-01,3.453448099689136463e-01,3.563196089387835608e-01,1.698065549310397437e-01,3.402481297019862017e-01,2.614347570779148588e-01,1.848135233539929811e-01,2.294368664613653797e-01,1.970467675691310871e-01,5.138037276451681672e-03,2.408650919214607583e-02,1.085244619365569388e-02,7.119825235208917212e-03,1.776289536303024899e-02,1.054409960649160989e-02,1.166014460878882220e-02,1.098271811819062117e-02,9.857442387189533153e-03,8.735022662140988145e-03,1.589136325357666524e-02,5.955671750097093001e-03,6.565446761712319911e-03
2.580725907384230355e-01,2.288420102048530774e-02,2.938532905918790572e+00,2.558154996892095800e-01,1.340463726574118997e-01,1.420221685323945326e+00,9.339084116841662314e-03,3.200000000000000622e-01,-2.481005723292997445e+01,-4.421738173603159683e-01,4.102084770720894613e-01,-2.527928642990384667e-01,-7.273289969829088708e-01,1.206706168879045499e-01,-6.329376331767160302e-01,3.902158327969375007e-01,-4.660589134717281756e-01,4.333713481573893134e-01,-1.871872378085716326e-01,4.192459904590314368e-01,-1.788895218522820463e-01,3.426317308981955377e-03,6.422141602794940833e-03,5.492055051776727898e-03,2.251020533470509365e-03,7.612902020319859894e-03,4.536954749849175968e-03,1.318277898185007437e-02,5.464635896612432542e-03,6.799776940870772349e-03,3.215557387535696639e-03,2.912598892970803821e-03,1.434556778065364333e-03,6.182968515878950293e-03,4.350082294900414759e-02,1.780001443445737228e-02,3.161800500546009807e-01,2.112484470666239900e-02,2.402609332696073810e-02,2.750629934592500048e-01,3.128871998360306401e-03,3.403123565197127554e-02,1.413888516913585525e+00,5.251240699801593692e-01,7.315954758188824014e-01,5.861457606827421563e-01,5.424248224517312922e-01,3.045681424905148371e-01,3.154298555979891394e-01,3.299438436082350878e-01,2.431200280730508312e-01,1.842763151976844482e-01,1.779794175628395536e-01,2.501863324639969077e-01,2.106113446237325437e-01,5.403676395744744752e-03,1.249864073602811008e-02,6.731765159693775362e-03,2.213714386793530671e-03,8.300624081288791173e-03,3.619540090659751491e-03,1.194363479064375518e-02,6.082955784395525228e-03,1.125688698526288237e-02,5.176015946305806241e-03,4.345514194972222369e-03,1.530661065485668972e-03,4.232010228390306258e-03
2.309136420525657596e-01,1.919953027921305830e-02,2.997439262931464121e+00,2.288175825649420569e-01,1.345835796970773213e-01,1.608825787500478999e+00,8.378344385342965245e-03,3.051249999999999796e-01,-2.429922679011256648e+01,-2.933258273031363328e-01,-4.403122570551384340e-01,-1.154861892915446109e-01,-7.346465329811444622e-01,2.918013318668823824e-02,-3.053437464263820678e-01,2.351254724493117565e-01,-4.406339991776379028e-01,5.344895872696728834e-01,-2.120804280670144648e-01,3.793819222709524097e-01,-1.415024681127171058e-01,5.464325580533507462e-03,5.206886673666581700e-03,4.029054357912564832e-03,2.464972204093299722e-03,6.136573022582973887e-03,4.750602540967313950e-03,1.050621058523585651e-02,8.370944706033950009e-03,1.103673768754646206e-02,3.478550549211791888e-03,7.624136202827818017e-03,4.080102608119101464e-03,6.915793207901204873e-03,4.806805967256765760e-02,1.719043150157139113e-02,2.150637068489545944e-01,3.270905191210539409e-02,1.594370847623262019e-02,3.022931550312072391e-01,2.293460532497515903e-03,4.866643478826038205e-02,1.222231869459972087e+00,4.354373047906591188e-01,9.911205992429231726e-01,4.114777058707654867e-01,6.393436753737137268e-01,3.437786452647558222e-01,3.054045389365828700e-01,3.344969183904221155e-01,2.582110759032480440e-01,2.635677919993204554e-01,2.283759986845138312e-01,2.208187832962471009e-01,2.278162001093910483e-01,7.824930754106593916e-03,6.527468054586794965e-03,5.862445273309396798e-03,1.774047412541303803e-03,4.707630282355657059e-03,3.429323474642741957e-03,7.480821030019291218e-03,8.199410900361706056e-03,1.422628924584721719e-02,2.841328194085787108e-03,1.067684375585944978e-02,5.387817015467473263e-03,3.141764001002579111e-03
1.819148936170212616e-01,1.250168728767144834e-02,2.803641042079302093e+00,2.110474400209270129e-01,1.580084409334216455e-01,1.657646581170972855e+00,6.782601302063784657e-03,2.896249999999999658e-01,-2.593421939577661561e+01,4.304260758632662554e-01,-5.388925824816844790e-01,-1.429083162969037590e-01,-4.068772608306245320e-01,-7.625320764796968132e-02,-5.217199889062171594e-03,2.254539234795465696e-01,-1.241447154952211446e-01,2.739981453951086943e-01,-2.325650133738993153e-01,3.312303288178132243e-01,-2.767477305018381517e-01,1.013576776570601287e-02,1.131493381577059788e-02,2.016746823272169004e-02,5.550335166992515293e-03,1.398633912367297852e-02,7.683756132699842353e-03,2.505142984270180423e-02,4.886807370615696075e-03,4.841038534033156870e-03,9.498829427286203247e-03,1.405395805224905759e-02,5.352466882747823791e-03,1.138314924561606607e-02,4.481278047829623246e-02,1.740723925518615836e-02,3.834854192250755633e-01,2.475066173093811578e-02,3.015759448944223264e-02,3.170682723296683325e-01,3.803221812242600728e-03,6.214034015838665326e-02,2.410117407038446125e+00,7.476662470301247421e-01,8.707587274247917675e-01,7.336514848435981007e-01,5.649550624977284219e-01,2.412241412289584386e-01,3.213817017048473113e-01,3.423464915672665421e-01,2.988400452786097450e-01,2.026042384588021272e-01,3.837984754702066237e-01,2.092034708928265097e-01,1.619000848635018808e-01,7.741918006211346952e-03,1.519695314526925412e-02,1.893407953061566895e-02,5.577615701011393208e-03,1.043675073397990795e-02,6.543015579768632524e-03,3.344604000371916019e-02,4.614764234953758204e-03,2.524760627880884897e-03,8.527398276251001510e-03,1.394914717330495747e-02,5.235342327705024175e-03,8.331195417605302342e-03
2.255319148936170692e-01,2.263751236547851403e-02,3.077795985019173397e+00,2.526787226886878512e-01,1.610059079019462436e-01,1.605143278238291504e+00,6.908685160189711669e-03,3.263749999999999707e-01,-2.458767310604731193e+01,-2.534193878747882933e-01,3.025658139151766735e-01,-3.606118937413689829e-01,-7.254302141885190514e-01,4.363327376443603134e-01,-3.810050953314744748e-01,3.950257761813126822e-01,-1.538470291451956851e-01,3.239942164194725693e-01,-1.406156490487514565e-01,4.122358238877866232e-01,-1.175059924475226614e-01,6.158322304898945429e-03,4.011208981662513044e-03,1.819766062766557321e-02,2.432352120916642622e-03,1.124717104442361261e-02,4.490222370200532866e-03,3.161817415574059986e-02,5.700306801177482466e-03,6.384577537103907144e-03,3.393804828314820644e-03,5.428808161162641636e-03,2.308752394300744686e-03,1.200372401168738057e-02,5.525710223594387793e-02,2.257712147362278890e-02,1.145162279473282002e-01,2.834067949119284391e-02,2.662168203453247825e-02,1.932788706966060144e-01,2.025858926284714902e-03,2.207197034702610902e-02,1.563716455800662875e+00,5.889016727744166291e-01,6.822592987239785023e-01,4.447654595106623199e-01,3.913563432224073657e-01,5.173113914218856468e-01,1.840945613381053114e-01,3.368029898320219484e-01,2.536811641261181860e-01,1.815466085514928773e-01,1.799359159760037519e-01,1.980014242701710059e-01,1.452872034093892484e-01,8.608297495210276429e-03,3.505145068746393869e-03,3.521681708096491281e-02,2.343748689027717359e-03,1.019622369823042045e-02,3.437943237499113854e-03,4.507571384039579798e-02,6.714258521131115549e-03,1.142377812630893802e-02,3.195456842306064037e-03,7.367413919986818237e-03,2.488409488698601572e-03,1.366405752885946692e-02
1.936170212765957743e-01,1.582372350707697203e-02,2.732687650995242912e+00,2.136662422806990536e-01,1.495103646445559709e-01,1.545510297663875710e+00,8.554619746427415822e-03,2.838749999999999885e-01,-2.526496415708218279e+01,2.841449161639161836e-01,-4.638208395367480752e-01,5.292753977368014340e-02,-7.028548776522646202e-01,4.968111608974164206e-02,7.604780405751773720e-02,1.775836235100230476e-01,-2.235850069151731623e-01,4.024491295171856997e-01,-2.791706920253799185e-01,3.205480092034339590e-01,-2.017903978375214513e-01,7.403574078776571643e-03,8.025327567513788202e-03,1.069162343342478817e-02,5.882395402367001161e-03,1.137339280664584167e-02,1.856584873603106881e-02,1.821334514004547059e-02,3.763615446744787100e-03,8.077233161654996316e-03,1.042511521121441444e-02,1.181930521356341392e-02,3.778048664111141076e-03,1.093714433206218264e-02,3.927221003902756080e-02,2.000180833294869578e-02,5.827958245119672087e-01,3.093965592896656680e-02,2.947637931966144709e-02,3.263427620691223829e-01,4.040082738241347789e-03,6.867257003345658695e-02,2.234290917350452155e+00,8.781750419169147559e-01,9.292886936700802680e-01,4.692282588546943245e-01,4.922819286350129664e-01,3.382109094423124129e-01,4.164046762643223709e-01,2.233002779998588538e-01,2.782376923307240957e-01,2.366997648565746792e-01,2.790393739338355994e-01,2.782661264637416587e-01,1.370158928549153332e-01,1.002154692073990022e-02,9.321061140194352931e-03,1.530002772350630945e-02,5.790586084339242531e-03,1.502348245176177328e-02,2.462685827062922536e-02,1.662913319255360928e-02,4.403028401564675412e-03,6.469447980344260329e-03,1.097139300182930349e-02,1.602840268245383018e-02,3.289722620188614572e-03,6.603257920332583110e-03
1.688360450563203830e-01,1.173787167383503680e-02,2.948307073129381006e+00,2.049280357611450720e-01,1.783587059221792281e-01,1.501424073726015385e+00,6.709614884433610579e-03,2.397499999999999909e-01,-2.694750748888710135e+01,1.227998343725937858e+00,-1.749408972363500347e-01,4.261466504847843950e-01,-3.651188947112636862e-01,1.170408927309384561e-01,-4.482389467984894404e-02,-3.912562448963415040e-02,-3.368968689882641254e-02,1.369425946131668792e-01,-6.662240548869594048e-02,1.362124102216040744e-01,-1.744787885246221193e-01,1.242495341378155663e-02,5.207382168598051302e-03,1.353226594940079575e-02,6.640717933837208924e-03,2.472795030029116894e-02,1.531606475224133422e-02,2.655785222064328474e-02,6.544451842677964475e-03,1.320862052430217884e-02,1.732912436252045593e-02,2.122003240350409450e-02,6.112933627188023820e-03,1.384725802420124809e-02,5.093559815190939338e-02,2.115296614349408341e-02,2.363817045091613223e-01,2.962121643465439116e-02,1.803506931856362419e-02,4.287210339271585458e-01,4.837797009237646689e-03,7.755199868475345926e-02,2.708123303545368010e+00,7.615182278510929104e-01,6.557109413196849923e-01,2.706528819482425519e-01,2.926324650130327498e-01,1.886805457060281299e-01,2.801889144786304242e-01,2.073301182364802042e-01,2.501716362440645769e-01,1.870337708430545864e-01,2.177592801757258778e-01,2.517102606999985781e-01,1.766488351351712949e-01,7.460005226968699499e-03,3.931118277225453470e-03,1.170623889426850896e-02,5.428464013248270569e-03,1.948404888800284174e-02,3.270932932766339174e-02,1.507823011394032742e-02,1.266142543261831489e-02,1.448036385831752079e-02,1.758634263541250867e-02,1.321140558481923542e-02,7.296060313615819123e-03,8.729202437769397263e-03
1.424906132665832159e-01,2.966585961736456500e-02,3.027688176752753257e+00,2.078800636073172559e-01,1.863111385512208618e-01,1.005820306846431089e+00,1.518463121435545925e-02,2.208749999999999880e-01,-2.408511040499377387e+01,2.046316498021906405e+00,-1.546691918324743509e-01,2.144483642739886675e-01,-5.473917974168807099e-01,1.293879424904117725e-01,6.942636147448784378e-02,-1.154682860301098762e-01,-7.084493102412119103e-02,4.645876958728871464e-02,-3.874074372190376703e-02,1.529641090883465948e-01,-7.852190203218385733e-02,8.810667651217529012e-03,8.027808739791100767e-03,1.367884131253410164e-02,1.733823795268165172e-02,2.193359982376996004e-02,1.507884490859485137e-02,1.794164475874754361e-02,6.628626861591960413e-03,1.898151988854768907e-02,2.897357682132751383e-02,2.117196471503288852e-02,2.839599956891108393e-03,2.049949865847763147e-02,9.736839665401006427e-02,2.102910918148582359e-02,2.947484782149849547e-01,7.851034798406747450e-02,3.797599740530510637e-02,4.729991203654630438e-01,8.049335753165874630e-03,1.417001124734909856e-01,1.642162170674810184e+00,6.304429881141181413e-01,1.228196316611618988e+00,5.204316646596802709e-01,5.749780426495819663e-01,4.300832790916800374e-01,4.482416218116439532e-01,2.886875729256249690e-01,2.393571698286270089e-01,2.248200036775614141e-01,2.842624739334222439e-01,2.179512699237111384e-01,2.765703898608437017e-01,8.717688619198776800e-03,2.002778509190242945e-02,1.843446140919657514e-02,3.407853034882530469e-02,1.896269226936415225e-02,1.850962586827986645e-02,2.226451529346652053e-02,1.083861844629041560e-02,3.088408597391707061e-02,3.037558174180268050e-02,2.441931079913972624e-02,2.516539806642369148e-03,9.634184668376032101e-03
1.347309136420525577e-01,2.268537023775391362e-02,2.895337920374658314e+00,1.966867232291868439e-01,1.798339186641548237e-01,9.236939554692764620e-01,1.397793112928531409e-02,2.051250000000000850e-01,-2.443756813909799774e+01,2.399946879008116429e+00,-1.140509899892196144e-01,2.494860177320357697e-01,-5.584980009794214828e-01,3.999682449672368328e-02,3.565093336453684092e-02,-4.248877683732912858e-02,-7.925343648896258919e-02,1.454284298414718068e-01,-9.161135432335069939e-02,1.052356598583354536e-01,-9.858198965408229708e-02,8.241947626767475929e-03,8.178167079795982397e-03,2.451111570251440427e-02,1.342336887067702503e-02,2.339035048322887778e-02,1.940891132231454055e-02,2.699973251908321242e-02,4.824877493725754710e-03,9.722618227673134397e-03,2.064581444139502314e-02,1.566308453678438156e-02,4.529126473192175185e-03,1.783370187496682857e-02,1.224879955289552430e-01,1.675815100457713966e-02,3.809846796853315065e-01,1.040174911641023880e-01,4.192189872999893541e-02,6.282678130693557517e-01,7.527785992640559538e-03,1.881911843711070176e-01,1.755127222708582790e+00,6.532335087205713986e-01,1.021799875148172942e+00,3.359054134083713783e-01,4.687836880438558396e-01,4.314885472152007462e-01,5.102798505916652516e-01,3.384049211166886284e-01,2.263605632995153993e-01,2.124698672023251633e-01,2.164268462134563142e-01,2.372667200345221772e-01,2.103430064927553911e-01,8.656185321617798634e-03,1.085343659415024739e-02,2.332647419758806379e-02,1.395168513593273568e-02,3.256207208303690120e-02,3.328254887223889430e-02,2.705793696872138207e-02,1.044109455467554827e-02,1.048622026563064517e-02,2.105511299007333317e-02,1.466515135446935965e-02,4.904100129400439795e-03,1.010219586189673412e-02
1.896745932415519476e-01,2.985267226763753043e-02,3.007488176241234878e+00,2.331123404445705205e-01,1.933533889244200277e-01,9.711181042519587692e-01,1.459319023285838256e-02,2.521250000000000435e-01,-2.414404015514621094e+01,2.127716763636301689e+00,-2.547160396801498861e-01,4.097938850277468292e-01,-3.300260119065970832e-01,-4.498896202480284073e-02,3.209108208868215878e-02,-1.080117970243144460e-01,-1.117453450913340890e-01,-3.645049225281003086e-02,-4.196271688654247545e-02,9.034192484473516083e-02,-1.554266766280472389e-01,1.648757582857591011e-02,3.363368372505928707e-03,1.180765572814814098e-02,4.009517928023104312e-03,2.242877188619641499e-02,2.146501143539696413e-02,1.917505979585140685e-02,1.548834295674172881e-03,1.178515134118651372e-02,2.543398288409532554e-02,3.489240769169100337e-02,3.969003901378952842e-03,2.054444898819601101e-02,1.612209713714685688e-01,1.742133437410886207e-02,3.596202854529316206e-01,1.316056762333379093e-01,4.529160575098748615e-02,4.700287734366653813e-01,4.361364477707975126e-03,2.386371133646231768e-01,1.621738294807689051e+00,6.933616062197796026e-01,1.021275140273457449e+00,2.852710166789237389e-01,5.613480989268491150e-01,4.495318938365974182e-01,4.406767964538311211e-01,1.964646981755474864e-01,3.513432372424187822e-01,2.144323823225313397e-01,1.905299948346088901e-01,3.047502676888421691e-01,1.929127236040159565e-01,2.127211049508130614e-02,5.143174806889461853e-03,1.379463447384199348e-02,3.286744739666947780e-03,2.599725825262438894e-02,2.902721911710758745e-02,2.531131339925994303e-02,1.770694675282201858e-03,2.315111827212421383e-02,2.374085571412251974e-02,3.463020422231204154e-02,5.301404072837810448e-03,8.865056509433186238e-03
1.768460575719649486e-01,3.444979886308217887e-02,3.020521489951126348e+00,2.388772540758690166e-01,1.903935634748590844e-01,9.325875542096250248e-01,1.716778338494839851e-02,2.587499999999999800e-01,-2.414973802614632703e+01,1.901222259104495604e+00,-1.024527397015638358e-01,6.947130670723422607e-02,-6.854534849499446247e-01,4.264512711527190802e-02,-1.801576765656255352e-01,1.137542302848713466e-01,-3.854579047919198809e-02,9.536369056049660842e-02,-3.475292453779264823e-02,1.396277961986489013e-01,-1.333196037989938521e-01,1.161340332912206251e-02,6.047103454156241113e-03,1.175470820506706662e-02,8.431994525954040684e-03,1.613603023368747821e-02,1.480669186300486231e-02,1.987398986640604923e-02,2.509688994212644440e-03,1.070130260715785979e-02,3.863970406091080112e-02,2.213343470143976782e-02,1.027872936139166520e-02,2.189395056447372007e-02,1.713437449965353743e-01,2.026387344775452612e-02,3.991101985790144746e-01,1.354572109776076838e-01,4.169450189042680360e-02,4.518232431743685051e-01,1.013372629850366018e-02,2.262044152973146371e-01,1.772929888909829943e+00,7.465988745289290351e-01,1.067622286425594202e+00,4.829852965171347878e-01,6.764204323061907553e-01,4.477293955166264383e-01,4.653438567058302833e-01,3.823607226929132685e-01,2.756981848379487787e-01,2.652564097541112997e-01,2.243877940364307211e-01,2.495073393887559665e-01,2.210700048245768934e-01,2.134900998246405668e-02,1.022426553745839004e-02,1.847162085584997185e-02,8.506945498586753612e-03,1.879781379410473685e-02,2.957763093363150603e-02,2.536696721616005235e-02,4.419761083928362873e-03,1.427415332316510702e-02,5.595236395004552638e-02,2.983756350185281722e-02,1.483286793164871262e-02,1.343809679699180075e-02
1.617021276595744794e-01,1.861941295497547902e-02,2.815462024191042634e+00,1.976376726795682770e-01,1.510216863010407640e-01,1.121508296291928719e+00,1.160335534743509901e-02,2.112500000000000211e-01,-2.547598586023249112e+01,6.260499761567921428e-01,-4.440440945977826570e-01,2.596259020522857508e-01,-5.998840207500382160e-01,1.363030025400700507e-01,-3.032048608120238020e-01,1.179796424372882013e-01,-2.258803721641971032e-02,-3.168053805140457618e-02,5.593606434714286368e-02,-1.178937846626792602e-01,-1.693318166153595927e-01,1.385530403140563041e-02,7.632675565565993567e-03,9.095336479993261156e-03,1.094534878646302722e-02,1.500749445127528073e-02,6.683723919915682612e-03,1.397405968747468530e-02,2.741928061199737365e-03,8.141050799317213482e-03,1.152918291356810551e-02,1.954909113446234512e-02,9.496622123629741563e-03,1.072290147389796423e-02,5.366512241199217215e-02,2.280556405967974765e-02,4.263378567509551464e-01,3.223967914200121659e-02,3.418892421537966797e-02,3.796610255469723971e-01,6.921883475329216294e-03,7.564101070186728115e-02,2.428530292502748988e+00,1.346651602308935214e+00,9.405870857803492191e-01,4.904316982191816443e-01,3.919513493614410482e-01,5.379529690623269245e-01,3.774343396003529971e-01,3.056263034629818076e-01,2.907786245895645494e-01,3.406678672711230260e-01,3.169077040372580423e-01,2.112932609847244791e-01,3.111220373988888843e-01,1.446587053937323751e-02,9.280990969733815196e-03,8.848310279244380946e-03,1.242668875318526413e-02,1.857529626961302791e-02,8.472892298168631375e-03,1.696349315627291784e-02,3.513796402833038648e-03,7.764177979714645926e-03,1.765713773463142844e-02,2.521843716738650029e-02,1.356320582249702193e-02,7.988215547092834476e-03
1.833541927409261807e-01,1.051114431795578501e-02,2.734780138902404456e+00,2.190879491383715405e-01,1.495097856121166413e-01,1.476133933750784166e+00,1.014536399597799031e-02,2.903750000000000497e-01,-2.527853082068441637e+01,4.543315890738650609e-01,1.817206361806480985e-01,-4.543463989504893386e-01,-6.465484653293739337e-01,2.578746006392785839e-01,-3.885215573731516381e-01,3.450892861528689903e-01,-9.417894526985462478e-02,7.397513209558827241e-02,-4.720542771200013366e-02,-1.079622463826058060e-01,-2.317525182633742298e-01,1.528880666108018913e-02,1.402840543377588400e-02,1.676318118683508065e-02,7.514914147961929310e-03,7.333995093936576670e-03,1.235978895607247642e-02,1.351390593431373369e-02,6.300437831329368070e-03,6.413838639689993515e-03,6.207990284008550221e-03,9.005732581907207115e-03,1.291211061730653323e-02,1.247336861988309654e-02,5.861745919558586371e-02,1.202507673601902437e-02,4.429365008267860948e-01,3.104949910190297341e-02,1.883936508294946702e-02,2.451243489470812664e-01,4.999263661820507569e-03,4.925872384664466141e-02,2.005036643686498810e+00,6.287353195693692332e-01,6.241403513692458382e-01,5.514695750449668532e-01,4.387118811417480280e-01,3.196170171696059437e-01,1.990696742139272113e-01,2.484766948784422613e-01,2.674687768721899506e-01,2.093653405260845757e-01,3.125588308309072416e-01,2.780492776572389690e-01,3.381300946760257276e-01,1.476187022198031766e-02,1.977593868685803558e-02,1.869033631577134494e-02,7.332192406024076736e-03,4.805589494824348031e-03,2.455291128316608104e-02,1.602489584904349951e-02,1.222924036068695312e-02,5.463211994760489194e-03,7.000051352765065613e-03,9.303400682587413539e-03,2.472387097763046465e-02,8.946623686847121615e-03
1.719023779724655476e-01,1.557312162553015598e-02,2.663528037841492058e+00,2.047142385361425954e-01,1.538377816286127797e-01,1.360753551235089009e+00,1.198198315184447263e-02,2.521249999999999880e-01,-2.500387282773852959e+01,7.975321429879669299e-01,-2.806976767267524986e-01,-1.283973634080751713e-01,-6.378570148759542535e-01,7.544029636574287045e-02,-3.454262638629194693e-01,3.702729776929937211e-01,-2.102750745662072818e-01,-1.210385272734633838e-01,-1.028195529156183258e-01,-1.825385088711913573e-01,-4.278142191021128832e-02,1.561062144768675733e-02,1.002198212655453120e-02,1.926693266894050766e-02,1.329633606055593588e-02,1.500264603779542447e-02,7.956276013864924807e-03,9.153099607986475011e-03,2.012583132128331360e-03,7.884542480661392225e-03,8.862101988004944184e-03,1.419857402298438723e-02,5.045231047962729989e-03,1.269757122214670853e-02,5.785731510022171925e-02,1.687231398691737411e-02,5.302332704144020470e-01,4.002640712619166125e-02,2.838197236555300290e-02,3.294433048191516278e-01,7.730724607467788327e-03,6.928778301403502871e-02,2.047459366286421112e+00,7.326651040471855447e-01,9.040608947347632540e-01,6.593756616960856354e-01,4.225317892190304514e-01,4.066622661545737372e-01,2.448154474227600408e-01,3.826242175610978236e-01,3.587096965912303648e-01,2.459437541095627344e-01,3.176491376101420738e-01,3.709789717317125146e-01,2.681853285791492847e-01,2.289513413492957547e-02,7.611477416521457255e-03,2.669740195914634476e-02,1.256817259011388556e-02,1.464418532093728249e-02,5.945225516095105182e-03,9.946438032643648355e-03,2.019109205122266663e-03,1.431419345479652966e-02,1.056669827377633604e-02,1.794585705534152559e-02,6.216234595256804087e-03,7.160866976116325028e-03
1.538798498122653513e-01,2.435038405737173853e-02,2.939198229636502901e+00,1.800348746861293314e-01,1.310429001914040215e-01,1.273755616946822489e+00,1.280794694273188795e-02,2.123750000000000360e-01,-2.389427166628465571e+01,6.164115804797318798e-01,-1.145410016407836906e+00,1.130167987342311220e-01,-6.833123602862298807e-01,2.418351649711404094e-01,-1.164162599086194794e-01,-6.182608784754375225e-02,-2.775870174868863005e-01,-7.477221183872562182e-02,-1.097970618725593872e-02,3.738173387790182101e-02,1.233219182348918308e-01,6.797692267650280555e-03,7.323624641370003914e-03,6.883247248381195275e-03,6.784442755228431779e-03,2.568834762486440354e-02,1.346941882597542904e-02,1.144846762059089675e-02,5.328574758950496183e-03,1.406541847059293235e-02,1.035460919193096144e-02,6.906904997758882628e-03,1.378329144058386933e-02,1.324299344690437440e-02,3.717056884000759232e-02,1.678038184914679154e-02,4.029578043134826038e-01,2.283894309014205745e-02,2.598504289705271322e-02,2.710931131022919494e-01,4.255827412633520455e-03,4.765419052927034882e-02,1.529321652240976270e+00,6.745431235657614044e-01,7.919548622596748189e-01,5.540118656317734036e-01,4.590010208741153730e-01,4.559053521124743491e-01,3.333238076391968896e-01,3.731644442802500850e-01,2.826470451810213502e-01,2.989160833531345207e-01,3.455606591473946998e-01,1.735431028334790682e-01,1.923079187464547257e-01,5.430129057291712726e-03,1.335579042894834839e-02,8.096953119117386577e-03,9.584518582270305093e-03,3.062241919913193805e-02,1.604647247906054383e-02,1.102225509636526983e-02,9.639455541062434338e-03,1.355919702540147459e-02,1.719848895477225220e-02,1.174294641022240356e-02,1.833424937638206478e-02,8.044629231799320379e-03
1.591364205256570741e-01,1.803283525343753885e-02,2.931011539926065002e+00,1.903706032229814937e-01,1.432543949361587410e-01,1.344299482021255487e+00,1.053395033303806440e-02,2.287500000000000089e-01,-2.403888689692568192e+01,6.820211890959956280e-01,-9.095539170340953827e-01,-8.491336887064315775e-02,-6.974216174247478417e-01,2.706713862646744628e-01,-1.160072463276781152e-01,-5.090703270475930436e-02,-1.379540420438783721e-01,-6.052075848731887364e-02,-1.675000401409742212e-01,4.327811326711112141e-03,-1.143887860302512660e-01,9.469262457465023319e-03,9.020953992117880862e-03,8.902323921251186628e-03,1.881104408329946354e-02,1.198074079801802333e-02,8.251105695858735115e-03,1.078873091759216182e-02,1.086868811784954918e-02,6.664926406566904979e-03,1.237252573839602368e-02,1.240853553392487138e-02,7.402331185156059597e-03,1.242178284143543969e-02,5.397171279222599816e-02,1.481351841132894261e-02,5.058873171667747082e-01,3.876606271022188521e-02,1.745358654579287627e-02,3.956654715085073937e-01,5.828808869026701721e-03,7.648733555301819032e-02,1.166580390152645696e+00,8.912672059724329188e-01,1.062268472561015420e+00,7.446773824040768819e-01,4.209552570155610796e-01,3.401227835463653260e-01,3.926986083182230081e-01,4.480555097622471727e-01,2.946396683965021857e-01,1.457240806880042705e-01,2.329436512571210760e-01,2.028045097577090561e-01,2.167854005013190033e-01,1.394618581255246091e-02,1.411430480904931652e-02,8.290384826864909476e-03,2.728724063160644156e-02,1.059616462110042623e-02,1.178005026358758256e-02,6.684535427082960272e-03,1.628170605007153021e-02,5.507471993521462911e-03,1.156382408430691074e-02,1.748977630330253788e-02,8.343475000501456018e-03,6.326193515780243956e-03
1.749061326658322979e-01,2.894602957296936105e-02,3.000666358609856754e+00,2.278094712936299115e-01,1.840845424894088922e-01,1.145263853948075061e+00,1.626861257899965899e-02,2.511249999999999871e-01,-2.422468740945815213e+01,1.425150479349382993e+00,2.167775421549361370e-01,2.199170438747279910e-01,-9.371503193659318498e-01,3.349698555231481745e-01,-2.664739285128218116e-01,-1.124295103796586759e-01,-2.954233638135780188e-02,-1.177850964586802940e-01,7.047512196347587021e-02,-2.696440968544501840e-02,-2.234346957609372256e-02,1.484166688661763510e-02,7.135381919173356888e-03,8.135971186143411971e-03,9.600663394460034680e-03,3.125953557345555189e-02,1.941566980353015212e-02,1.333140723885627502e-02,8.889798343051519020e-04,7.158906930469349610e-03,2.379662004760119479e-02,2.323587487434988427e-02,9.079579342447810508e-03,2.152000456098440012e-02,1.176349919250286591e-01,2.134047500445460446e-02,2.831910637236308426e-01,9.098918215772294760e-02,4.272004954664057608e-02,5.038560458959784327e-01,8.197396783286198946e-03,1.595667473974449468e-01,1.781939418617824122e+00,8.218921132123907514e-01,9.030938689470219272e-01,3.440908767718558470e-01,7.144518908588284312e-01,3.416856951517260876e-01,4.656439533826746136e-01,3.298573056501923895e-01,3.151051508975589166e-01,2.765266829818553984e-01,2.305662844648327658e-01,2.105186352225298096e-01,2.698732285075604032e-01,1.850734042608863025e-02,1.400678747294955423e-02,1.062538140410862302e-02,1.746863804338086995e-02,4.640197328374351393e-02,4.934369916873964507e-02,2.051887754956668170e-02,9.640771985783192942e-04,1.116290679916047586e-02,2.722418793046306809e-02,2.417533295989479636e-02,1.622675209911451574e-02,1.465743805564449949e-02
1.272215269086358069e-01,2.834511041200353867e-02,2.903515519085516416e+00,1.977483357981867085e-01,1.799546565779684415e-01,9.283465814575361241e-01,1.792945309992977077e-02,1.667500000000000093e-01,-2.429433891233876608e+01,1.855661830029546211e+00,-3.740460637320871529e-01,2.171173894820220551e-01,-6.748757734690690180e-01,2.013857360222243709e-01,-1.850887387682291496e-01,-2.131067759447549947e-01,-6.058182303794708290e-02,-1.589276781299374039e-02,-2.279487036339858386e-02,8.770240144169745566e-02,-7.614239130146165102e-02,9.232787083283563317e-03,5.919045050142014187e-03,5.436092003413810041e-03,7.029588301038794396e-03,1.004052993111301598e-02,1.357042026568401963e-02,3.037533935848472574e-02,3.093063433947883765e-03,1.672749073679030002e-02,3.251101820462019842e-02,2.738000762875512223e-02,2.622287876601779068e-03,1.969529879168866252e-02,1.112965787221802810e-01,2.016400287526702237e-02,4.197450838877296309e-01,8.586548098136535800e-02,3.742549004816723979e-02,5.507859267101905543e-01,1.091435642773409299e-02,1.602753490091349264e-01,1.745052274462199460e+00,8.129339574375883393e-01,1.240132643153458947e+00,3.802741673461176863e-01,7.251456850091932971e-01,4.704897543624607659e-01,4.843015373625673692e-01,2.215568536025001312e-01,2.662303239807838895e-01,3.173825188903449668e-01,2.176533815677468564e-01,2.342854880226557523e-01,2.696917827948592805e-01,8.622879160757183567e-03,1.049245113930078258e-02,5.344993475609598720e-03,8.253364478227678824e-03,1.073551536989369136e-02,1.887966146747450599e-02,4.552155472212648935e-02,4.587315045617852173e-03,2.552168713316217349e-02,3.255911214871431286e-02,3.161889384759369176e-02,2.575137759525452427e-03,1.241198346922348789e-02
1.272215269086357792e-01,3.321802195846161598e-02,2.971359073242789695e+00,1.957169136435152335e-01,1.905037526113492752e-01,8.319709179079151085e-01,2.518218103640100861e-02,1.611249999999999627e-01,-2.494002985492911506e+01,2.035346279207638887e+00,-7.721987952871199878e-01,7.955935934783346652e-02,-5.081600333411085968e-01,-1.204474738485623309e-01,1.643302812952440184e-01,1.306665373340261047e-02,-3.485233577427119395e-02,-6.156720947752971490e-02,-1.593056089877599724e-01,-1.320630483578018322e-01,-2.476194484566530962e-01,3.125203339278331133e-02,1.419265860375786004e-02,1.828615532508546040e-02,1.055304027706824993e-02,2.379393139460472817e-02,7.823364902616203320e-03,2.042502231290344722e-02,2.254125547066940412e-03,5.623598715899945713e-03,1.587040164082411872e-02,2.913985525518982336e-02,1.479606752468012876e-02,2.327388610376635719e-02,1.012834093652189710e-01,2.779925719098147105e-02,3.926206876678297042e-01,8.137669436256926569e-02,4.615874917376905362e-02,5.351860668270499444e-01,2.160914883663118610e-02,1.347671023469748930e-01,2.210688851515332232e+00,9.909575658130823639e-01,9.822941807421148308e-01,4.929540482953738700e-01,4.451888276006136236e-01,3.855944006161036164e-01,5.212321086274339654e-01,3.196077086997033967e-01,3.737676980024888795e-01,3.699611041011558465e-01,3.359817852957698858e-01,4.280584118652962511e-01,4.031651659514445818e-01,4.702522610091686150e-02,2.815356261991114675e-02,1.644493793555470290e-02,1.358940885355268240e-02,3.810004238465752174e-02,6.118440404894309216e-03,3.026622243813318486e-02,1.663099210733899862e-03,7.723490060034118691e-03,1.746176425514779987e-02,3.602504441839650406e-02,2.427991001088396217e-02,1.320443775929084143e-02
1.595744680851063912e-01,1.807828125976403480e-02,2.988260370783159203e+00,2.109368378414206990e-01,1.510291363907896867e-01,1.409105734300358348e+00,1.169989706745411424e-02,2.678750000000000298e-01,-2.415052743213007247e+01,5.373230936937540836e-01,1.084602858605510783e-01,-1.347751920490176392e-01,-6.453642378167239180e-01,7.818083986893420434e-02,-4.073646252651873523e-01,8.038828464876299207e-02,-2.899532603981015977e-01,-1.176408251902312241e-01,-3.914707153139903584e-01,-8.813000012800062399e-02,-7.474536203815793090e-02,1.088378983241906905e-02,6.197397886377264443e-03,2.334314831336979645e-02,1.954371990711247647e-02,1.274320270060236814e-02,1.454532238068768392e-02,9.936617290364343699e-03,2.045780875951847162e-03,7.549701317548880228e-03,1.222108559963936900e-02,7.324616046186681155e-03,4.952150500449578260e-03,1.544733582991424103e-02,5.637947117784345569e-02,1.585819778532538554e-02,2.965370916428531900e-01,3.533001231448442553e-02,2.651862964967428155e-02,3.165509801055303440e-01,5.552248968327382767e-03,7.774668401288893638e-02,1.618151724554166782e+00,7.983230360093385158e-01,7.825882347182672172e-01,4.894481627198723483e-01,3.547028941494730359e-01,4.081067711184625524e-01,3.088700693994265722e-01,3.217945483480487145e-01,2.808832294609433511e-01,2.808802647165168365e-01,4.310548182066820111e-01,4.064292024844113893e-01,3.222556527548103289e-01,1.580129543711377912e-02,7.917811268821003945e-03,2.573499143086057858e-02,2.597298848117537279e-02,1.544679571231906759e-02,3.107645991815346370e-02,1.238532539260558778e-02,2.230152341173035572e-03,1.182063472693900899e-02,2.083458236795084073e-02,1.041075107817773793e-02,7.941618428649706990e-03,9.090185772423473032e-03
1.739048811013767515e-01,1.189766323190228660e-02,2.810689284847978087e+00,2.056531492125813210e-01,1.401635234527472684e-01,1.469182678425534849e+00,9.052024827073667027e-03,2.548750000000000182e-01,-2.482115778966612751e+01,2.694647736774661295e-01,-5.185575898099994419e-01,1.422165936576937073e-01,-7.343258859353286594e-01,2.426643180732448446e-01,-1.599696683787928952e-01,2.911162892622038909e-02,-1.797020015259775949e-01,-2.555310946268632977e-01,-4.399315074343421172e-04,1.002104365570195971e-01,-6.460366331598935141e-02,8.218941552794720162e-03,7.798232612593875360e-03,6.901147382480618195e-03,8.858244387889345137e-03,2.480653443736471203e-02,1.379613365855278037e-02,1.001685292915097981e-02,3.184283096634284767e-03,5.185091535704402024e-03,5.105960641818375022e-03,6.474455653464874713e-03,6.080503996892448922e-03,9.803748086388841543e-03,5.043583475737466182e-02,1.249343022213793980e-02,4.777747564819441184e-01,3.074118712023968941e-02,2.392545493740430226e-02,3.503363641848051824e-01,4.273668830239808758e-03,6.193481956864006072e-02,1.598394516552287925e+00,9.055589764018605603e-01,7.616693629570902013e-01,4.968731519380097938e-01,3.656964098555930409e-01,5.432356936114274282e-01,2.751372107268708622e-01,2.556100199786169314e-01,4.004983477849267670e-01,3.433183524240727147e-01,1.755300731349702936e-01,3.038508505982751018e-01,1.927267324153649486e-01,6.346097794413232442e-03,4.865082318108508892e-03,4.299775888725566701e-03,8.209336536760845210e-03,4.467066616644076865e-02,1.405382638125817277e-02,8.416257935857370670e-03,3.425613156056361939e-03,7.540586324400395599e-03,3.588950306193019763e-03,5.491660018854290295e-03,4.184842060705975218e-03,1.110789472420925170e-02
1.648310387984981695e-01,2.076158626728864115e-02,2.786183082604003936e+00,2.053620423200148704e-01,1.476175166426041963e-01,1.291101747643797593e+00,1.064400545474704016e-02,2.263749999999999929e-01,-2.438119552082941510e+01,2.815733544844273295e-01,-6.980647576002403376e-01,1.976183881536711928e-01,-5.283419996996763235e-01,1.923955321718376910e-01,-2.653161127443578460e-01,-4.577180115624714107e-02,-4.430696638358121164e-02,-4.074673898925233045e-02,4.767578077751404714e-02,1.357575564196272788e-01,-6.536404667473046104e-02,6.097266709912748869e-03,9.980112201594896343e-03,8.185524879578527646e-03,6.160746054587138559e-03,6.456362927621667192e-03,2.054115825366044021e-02,1.401160133793992978e-02,5.133182605484044869e-03,8.028646541947037987e-03,7.681943072202784654e-03,9.818806214323017034e-03,4.405494496194999401e-03,1.073378992682229652e-02,5.500921223240786556e-02,1.998677903943666193e-02,3.994262037587230085e-01,3.637817017137742054e-02,3.089302780789462619e-02,3.466114716529799522e-01,6.060498645461556699e-03,7.301316234077250000e-02,1.539925150568861589e+00,1.243269297875119195e+00,9.135532741439882365e-01,7.668726091459378003e-01,4.386916229977826931e-01,3.828497384350358912e-01,2.680250650915073085e-01,3.705903190946290282e-01,3.066647131866230835e-01,2.179430898922307958e-01,2.745899020334217622e-01,2.131800319196943128e-01,2.071364988681620167e-01,3.308820131189661208e-03,1.049506304395534349e-02,1.462325350653451324e-02,6.436129745700226029e-03,5.281139050882011944e-03,4.035591019009585750e-02,1.603766432005803225e-02,9.754036491994267158e-03,7.288292840344393064e-03,7.170945014583571080e-03,7.050096832407020536e-03,4.456598395348784943e-03,9.731004195402331164e-03
1.753441802252815873e-01,1.677719899262445497e-02,2.885769685213744662e+00,2.085180676065788441e-01,1.444457616428984903e-01,1.427511419184281705e+00,9.451571569407525228e-03,2.296250000000000235e-01,-2.491042871798894964e+01,-4.197546515782710208e-02,-9.821113401333120274e-01,3.431318593251266313e-01,-6.852697285998209376e-01,3.405791505503287242e-01,-1.464585336520876357e-01,-3.641149745087591816e-01,1.720048961511232988e-01,-2.106398085318675617e-01,-1.460011648665029693e-01,-9.406709136136212623e-02,-8.896938113230909440e-02,8.716852949929260880e-03,6.477826414468203578e-03,8.158132031152487071e-03,5.933877876416279555e-03,1.054780480630155941e-02,2.785357058125781989e-03,8.122712337293358856e-03,4.480341733497082181e-03,1.539694134030178754e-02,5.902088034656949832e-03,1.240595971672845896e-02,7.749345732773395279e-03,9.688186718311186246e-03,2.948995013658610442e-02,1.605024523220735522e-02,3.467636388995433139e-01,2.797012154519128505e-02,3.092898877748651715e-02,1.885573851533725032e-01,3.469690712564464565e-03,2.837555065544984656e-02,1.862918063841493943e+00,8.042443746564678086e-01,7.229446365436293931e-01,5.150112465330496381e-01,3.788344622373267523e-01,2.910456926143883960e-01,3.409359686920679922e-01,3.693798146139358196e-01,2.855413919384555688e-01,4.313725195942454405e-01,3.473996397323342866e-01,2.417266464583404662e-01,4.031660713379805472e-01,9.196565214475801997e-03,1.095556071737483622e-02,1.287267689948960563e-02,9.871584179725190547e-03,1.280848090550463364e-02,2.166568800264358479e-03,1.189863472745257035e-02,5.557231713909613000e-03,1.902896132477775379e-02,5.655652282262464865e-03,1.255037886175414293e-02,7.383112461724922020e-03,4.468151691221786473e-03
1.491864831038798578e-01,1.159857550696968484e-02,2.961668995321270259e+00,1.992056164621564540e-01,1.530999591784013569e-01,1.307846833307787060e+00,1.255052814354010518e-02,2.416250000000000342e-01,-2.504411790102800950e+01,6.521564713195726615e-01,-4.545472086591305638e-01,1.915766210013186699e-03,-4.956030605169448044e-01,8.294902337498576139e-02,-2.855517722457228680e-01,2.156261581238230196e-01,-9.612497190084315357e-02,3.965114890515701596e-03,1.294392669186217038e-01,4.456868650877139626e-02,-1.245969498162134703e-01,1.169176346739109022e-02,6.706415249635225111e-03,1.300678357363807026e-02,7.816740870826644275e-03,7.266520336614211602e-03,1.296151860121456598e-02,7.914356368302368633e-03,3.255125189584784275e-03,4.386418105108294899e-03,3.148387241118076607e-02,1.911114467981012838e-02,1.036461926122653546e-02,1.589012474723050516e-02,6.445812114467497356e-02,1.186287090952833044e-02,4.877627946280743698e-01,3.436954925545251255e-02,2.455162848505507145e-02,3.547104158064247614e-01,5.989450284529267664e-03,8.130680706435347571e-02,1.298493483442112240e+00,9.173336650041103990e-01,9.147602476985544628e-01,5.232866242011785518e-01,2.940332645409010626e-01,2.397435517865318666e-01,3.737084156297641457e-01,3.371335002344870713e-01,2.094134650211297577e-01,2.271978486499921512e-01,3.752903987428078958e-01,2.293632931936427088e-01,2.948205977102267838e-01,1.125247156698717770e-02,1.190118075617772712e-02,1.213526259812332427e-02,1.162920550133886809e-02,5.385746465629825779e-03,2.727595382803284924e-02,9.135709419193964800e-03,4.422435302540082998e-03,5.198946810850480806e-03,4.772030119186863872e-02,1.995076747764656239e-02,1.886660038714730453e-02,1.238988932370691486e-02
1.844180225281602248e-01,1.431807381765029530e-02,2.824725010573859496e+00,2.177153920851315760e-01,1.436421638878258578e-01,1.470038242502340164e+00,8.898448068092208729e-03,2.846249999999999614e-01,-2.488695482822766891e+01,2.728347830121105044e-01,-9.582729826917639471e-02,-2.291368321390663820e-01,-3.570323380242787503e-01,2.302982522213363747e-01,-3.711389884543596640e-01,1.199688630322063992e-01,-1.615702507705045476e-01,-2.589874175129259701e-02,-3.934144174670085869e-02,-1.237242777647463293e-01,-1.006446843552096376e-01,1.971869580692313384e-02,4.663754924426389593e-03,1.174454561096656240e-02,8.256292843681383581e-03,1.027696780780131339e-02,9.888222785115873686e-03,9.448832711275114218e-03,9.277261107628791484e-03,5.806653037065913001e-03,8.518995803388641763e-03,1.163561988165489995e-02,9.768122029816212609e-03,1.018853818669592654e-02,6.457184185674602617e-02,1.339162352585868306e-02,4.597781656157180485e-01,4.617679572108401853e-02,3.179290110094115662e-02,2.624393242839692664e-01,2.612830405165009629e-03,6.727868811889840817e-02,1.935040886063928323e+00,9.481625636753745479e-01,9.927833933501396535e-01,4.606865486161266232e-01,3.893398861736325212e-01,3.689974888780779283e-01,2.869136588304896374e-01,3.804121999431148149e-01,3.349204199628262879e-01,2.815987819370138756e-01,2.215732005115818581e-01,3.061891957491361671e-01,4.516576297409675145e-01,2.336315759226822650e-02,5.535209346899947272e-03,1.232905285242082150e-02,7.130556737250987390e-03,9.667779990901190570e-03,1.141641214654416821e-02,8.240143894364974561e-03,2.329520664189519905e-02,6.314744828547914912e-03,8.587102541237444722e-03,1.198644438100192160e-02,1.299303811531068303e-02,7.377117024507455836e-03
1.496245306633291750e-01,1.342824145864610595e-02,3.052445602720271989e+00,1.959427157760685045e-01,1.459675864709351067e-01,1.330636608237246721e+00,1.300904528826797579e-02,2.422499999999999931e-01,-2.490460089010636224e+01,5.287379828775133905e-01,-4.775011873720613198e-01,1.344303018317610510e-01,-4.060144751758578141e-01,-1.073780098674763893e-02,-3.896234262347099131e-01,-6.503008627324341137e-03,-1.818616946588794969e-01,-4.114555380917732375e-02,-1.275926434589383374e-01,-7.430563354897141027e-04,-2.057800111386711706e-01,1.197562133058409362e-02,1.153888310070734502e-02,1.281209322428944128e-02,1.128322949687584134e-02,1.274416091863059264e-02,7.468882071682792986e-03,8.101837202664056298e-03,5.468598404252343267e-03,8.885429379021477642e-03,2.339327278712675928e-02,1.197851010033405134e-02,1.030148514487646931e-02,1.456157066889391706e-02,5.490713972806431087e-02,1.501278434416495472e-02,2.746238643179521599e-01,2.986643080883013418e-02,2.502219881568511217e-02,3.297815754055800075e-01,6.123297164008546095e-03,6.949775176219731565e-02,1.851303491960659464e+00,8.282378658728798415e-01,8.159194436817519547e-01,5.466022155590646303e-01,5.986320867414236524e-01,3.362386476495916043e-01,2.627151056164275800e-01,2.488489691697694794e-01,2.711073372329589337e-01,2.918731339319425300e-01,2.791722040142547989e-01,3.972987751074422702e-01,4.170580238602741296e-01,1.409576120552925166e-02,1.575189799388002423e-02,1.299382264585005435e-02,2.361688533574126878e-02,1.603863441259290382e-02,7.285506940691790709e-03,8.404893609222644640e-03,7.168811773019746932e-03,1.437812702690408583e-02,3.738350577584866746e-02,9.588184522951445632e-03,2.660245955897566281e-02,1.081546296986262735e-02
1.589486858573216366e-01,1.312908461391650017e-02,2.919216696414455470e+00,2.008784757300635104e-01,1.415066816600511479e-01,1.355466184825512954e+00,9.330319619154424024e-03,2.367499999999999605e-01,-2.446854777660924896e+01,5.182563666518921197e-01,-5.250882519104814738e-01,1.388271598549080388e-01,-9.267547118479338986e-01,1.768035017710243850e-01,-5.097020140001118360e-01,-1.953317394161509235e-02,-1.549033706001237687e-01,-2.056440828006092514e-01,1.172095535023303381e-01,2.026176748910800129e-01,-4.037374099464112465e-02,7.913487868350469953e-03,6.951803003404965001e-03,7.284588726423584307e-03,9.466895500984121720e-03,1.379520767403840352e-02,3.478096313669130912e-02,1.501157140212770399e-02,2.938350313550780989e-03,1.041387643087737444e-02,6.245210189087826297e-03,6.015079594121982079e-03,6.122432655369810205e-03,1.415983858538040138e-02,5.985043516535330094e-02,1.088614014558174185e-02,3.560669874615597363e-01,4.675348632510492597e-02,2.666501671986230143e-02,2.934831857144858946e-01,4.842291234386133202e-03,6.500048076745278125e-02,1.665870474468402751e+00,1.059453010862988265e+00,8.077122010476243119e-01,3.304100529328368729e-01,3.931948173701070304e-01,5.157441278249537131e-01,2.143708207763984352e-01,2.303741751011170458e-01,2.213856118100733794e-01,3.404743239417336587e-01,1.819090025019252099e-01,2.224597377093849859e-01,2.112400318333716998e-01,6.026543292008451798e-03,5.225661168895392832e-03,6.730559155811527416e-03,1.363306255210917917e-02,1.941179130760070301e-02,5.251284475674187352e-02,1.663847026018794306e-02,2.897566134859981112e-03,2.124763689716140103e-02,5.036685567825099387e-03,6.440237783930560789e-03,6.917393015541136933e-03,1.362744595533555390e-02
1.714643304130162860e-01,2.056982354433670515e-02,3.005914084390489904e+00,2.020929234263260099e-01,1.321503642281876556e-01,1.055236751510278292e+00,1.062736455639936954e-02,2.378750000000000031e-01,-2.509872267307515514e+01,3.716563807955160226e-02,-5.706940830877598181e-01,4.570958883944993834e-01,-3.988063034092433345e-01,-5.194549028927615206e-03,-1.244988811558869896e-01,-3.620779343929288879e-02,-2.897007816648379877e-02,1.617871992178837592e-01,3.446072629961104139e-02,-6.744805724535873903e-02,-1.559489851329264321e-01,2.107149287705106788e-02,6.397161522024441202e-03,7.148093772398392103e-03,3.790551646832763209e-03,7.055443168725692056e-03,1.121281494565741846e-02,1.016067514104258482e-02,3.675516197294427523e-03,6.111178111160525325e-03,7.532976284526286467e-03,9.226268794681342575e-03,1.885199715140807933e-02,1.129025989629982296e-02,5.835163419181371713e-02,2.199277127622123115e-02,3.127937199241441202e-01,4.310324980417462593e-02,2.774597099150425197e-02,3.280279515108162069e-01,6.064584986987561592e-03,6.599846115630272902e-02,1.413700542983605146e+00,1.320782320377949848e+00,1.129673499274344906e+00,6.174138269399328527e-01,4.210891201408061835e-01,5.214714960091797469e-01,3.548412341356474986e-01,2.245617193322229366e-01,2.452131990177263132e-01,3.595623628749025080e-01,2.639390933162026887e-01,2.084997795224267647e-01,3.042411380068092974e-01,2.863598741826640579e-02,6.885722934713117173e-03,7.119068087394000988e-03,4.005616107565833882e-03,1.127284786061101898e-02,1.392951608445287988e-02,1.293488938373425767e-02,3.800705664541299302e-03,6.715085129455535679e-03,1.201049815394887414e-02,9.664847833836169230e-03,2.215840338654140318e-02,7.617716786567414571e-03
1.247183979974968854e-01,3.236823793822245915e-02,3.078373237884092450e+00,1.849383663357042629e-01,1.694564227638420406e-01,9.294587937917186959e-01,1.508554966525089622e-02,1.968750000000000222e-01,-2.361352776125364272e+01,1.976849910453337911e+00,5.163647780400887344e-02,1.696653804619142336e-01,-8.298729851741748487e-01,3.603940472839121112e-01,1.901296266618613395e-01,-8.766662227388458128e-02,4.788057115896505317e-02,-9.593596041685198417e-02,3.768592799346397182e-02,-9.251611237319906644e-03,3.602098553905073303e-02,1.067528686869015538e-02,1.033526577809768324e-02,1.266427373909216961e-02,1.069678304673891966e-02,4.110638164672859862e-02,3.118986369259361610e-02,3.242174149689776991e-02,3.074534447144687023e-03,1.065924831545894853e-02,1.044711890852605476e-02,9.944761887936925254e-03,6.949117408701922446e-03,2.012444727891293111e-02,1.005928337579219817e-01,1.845908687665607367e-02,2.264096402021698595e-01,8.897956054584460484e-02,3.216390083503228164e-02,5.847729728642595548e-01,6.032116934419840676e-03,1.690448812445972948e-01,1.508452576186375627e+00,9.250923642200749031e-01,9.732428280003426746e-01,3.902279937058035220e-01,6.021742137821727292e-01,5.175920818337924612e-01,6.097310566172623458e-01,3.561229309553415323e-01,2.538131910097867761e-01,2.434891747125070838e-01,2.327411819208050903e-01,1.924429246423810524e-01,1.685635122775974160e-01,1.191641027835026352e-02,1.797085526265985653e-02,1.634118454071491200e-02,1.520193336557252098e-02,3.920023652260405667e-02,3.372968936644578364e-02,2.310868371030263060e-02,7.579015904501230569e-03,1.297848611036470610e-02,6.988687750031283112e-03,1.198242027336877437e-02,8.439011416083844197e-03,9.120190603850560074e-03
1.216520650813516513e-01,2.247554686394808224e-02,2.820554914549245673e+00,1.866108663978199023e-01,1.712852226900439812e-01,8.383372250592587838e-01,1.762247931331378109e-02,1.992499999999999827e-01,-2.447338786071487249e+01,2.096500471236140140e+00,3.969185821338877540e-01,3.274589763340680082e-01,-6.531669919794327317e-01,1.079698819156187789e-01,1.825218390301064364e-02,-1.659120376537658592e-01,4.483760895396725343e-02,7.425382813120638692e-02,-2.092950995947865864e-02,9.384464623847281473e-02,-1.492526831726823447e-02,1.946703909934559967e-02,9.779108485361563338e-03,2.967720276061929299e-02,9.626773162883815738e-03,2.472421142235910196e-02,3.517116763063184853e-02,2.981338855988661246e-02,1.457557607800382456e-03,1.089101964438809501e-02,1.560963814918238032e-02,1.050536695040093366e-02,6.126544354932475164e-03,2.273137494763695018e-02,1.050401892784709884e-01,1.468600225652216991e-02,5.336938714198943279e-01,9.176183540934805538e-02,3.315284753086260999e-02,5.092906527352569768e-01,1.168542552379127006e-02,1.419024753131530037e-01,1.479942823021233034e+00,9.377138334893937444e-01,1.016014421181014482e+00,4.239345397460821951e-01,5.041695407360663461e-01,3.991174251829290864e-01,5.526899125151287784e-01,2.167903308899393477e-01,2.452130682476528489e-01,2.871421251869622493e-01,3.146362785710347665e-01,2.249014877216098940e-01,2.365056421380424267e-01,2.701083917477458199e-02,2.008904864756020509e-02,4.634343466333352979e-02,1.283087216925968103e-02,2.036085219870712587e-02,4.749275615700609271e-02,2.561919866412919536e-02,1.675810683249771447e-03,1.371353575287945735e-02,1.708220472975379572e-02,8.756540887881282542e-03,6.339009244602284224e-03,1.299121272937150962e-02
1.575093867334167730e-01,2.796109783243931959e-02,2.940497614442505014e+00,2.044852646392258944e-01,1.903478623635231348e-01,8.600686580436889273e-01,1.898092872113772006e-02,2.479999999999999982e-01,-2.428378962532750762e+01,2.374010138591608587e+00,9.873708010910253741e-02,2.222006246668287166e-01,-8.209545893906179392e-01,1.193201927837200110e-01,1.540553288965960665e-01,-1.311463013105400588e-01,7.367918888117175324e-02,1.238019431325745011e-02,-1.646526987701409095e-02,1.386824439853322766e-01,-3.268364541679245894e-02,1.148587496045382593e-02,5.095100565590433839e-03,3.175400438213308446e-02,3.540013837489069254e-02,3.244971327742277034e-02,1.128530295842809783e-02,1.168408975793361337e-02,4.208211901864636686e-03,5.461046616795452169e-03,1.593932821532379612e-02,1.638396605474919110e-02,1.959384053285797428e-02,2.312466542027368649e-02,1.598391752794256770e-01,1.888382525998755918e-02,3.085079259777668836e-01,1.238141889578411037e-01,5.848692167323250868e-02,6.524620851222509010e-01,9.439217225292211716e-03,2.539126326120856869e-01,1.803879115029828117e+00,7.944727873220984726e-01,6.863434776178037877e-01,6.333700326593035834e-01,6.152694845939794543e-01,5.283139664360080312e-01,2.726547771699386336e-01,3.533715380442226106e-01,1.824390744124693431e-01,2.944788423291663237e-01,1.928821944466090621e-01,2.525346186922552971e-01,1.759592581700818725e-01,1.192936195832123084e-02,8.482751968329996228e-03,4.683580249574866017e-02,4.457642885737871791e-02,2.291444505741934215e-02,1.892099434411001826e-02,9.867153078673203404e-03,8.831219569217379356e-03,6.443543074802800599e-03,1.563407460685656281e-02,2.036613296613364738e-02,3.726791396793052019e-02,1.323302180158922488e-02
1.242177722152690844e-01,2.007526356945712326e-02,2.868135986845939733e+00,1.921294504725738206e-01,1.829141177072977353e-01,8.806299449557382086e-01,1.475431434102024777e-02,1.907500000000000029e-01,-2.431538632682901024e+01,2.047270629549217347e+00,5.929279639246567424e-01,1.844524167181932073e-01,-6.296107387078068163e-01,1.607836670873883378e-01,4.858553863242576210e-04,-2.327007826921152489e-01,6.245178812245248678e-02,1.327265096698923286e-01,7.520712166454564251e-02,1.446692670111839329e-01,-8.363232958089326929e-02,1.063237305721086504e-02,2.322358539418208079e-03,2.651535733891042385e-02,3.408335087708064259e-02,4.038656835435495973e-02,1.065720444666376845e-02,1.757011583548886979e-02,4.822336819331817653e-03,5.062712942521222989e-03,2.571309911529209152e-02,2.238813748167779380e-02,8.130975698503390900e-03,2.217826575334036834e-02,1.011987769096386741e-01,1.134260060203937624e-02,3.128884799149493356e-01,7.868554084299529683e-02,2.564168634182078382e-02,5.331392540519911405e-01,6.122926160771374401e-03,1.539401263478759330e-01,1.761813820862706326e+00,7.050427378319504834e-01,1.048938489623919557e+00,3.408624921976372013e-01,4.499254263819048028e-01,2.897064077697822926e-01,4.730701406049711011e-01,2.592175063540432811e-01,3.241142381603536182e-01,2.212556545325228552e-01,2.808082949534802530e-01,2.431940469110600578e-01,2.060190077730177649e-01,1.832594344504464776e-02,3.797311128893123867e-03,2.883121902601152448e-02,4.382098160957852151e-02,3.103340979783343959e-02,1.936144994730199659e-02,1.709009936284527909e-02,1.037510897887592223e-02,4.512929176388552795e-03,2.167627337683318903e-02,2.003299247006427863e-02,1.448809877142295116e-02,1.075786466592665129e-02
1.221526908635794523e-01,2.497431678127226204e-02,2.872418042884223865e+00,1.983488370342870455e-01,1.801541942509847505e-01,7.667176195650460269e-01,1.628247331759903258e-02,1.698749999999999705e-01,-2.441522563009601043e+01,2.336223290514745976e+00,2.968075440543548327e-01,1.112014768745747950e-01,-7.238584254989027800e-01,-2.854093755111865999e-02,6.372065799821438614e-02,-7.566724234095101309e-02,2.700271863761440766e-02,-5.686440805819472505e-02,2.515677540805859591e-01,1.235818276107223355e-02,-1.538484125963625673e-02,7.712850261327704529e-03,4.990215777354192403e-03,3.394671081812294933e-02,4.042977342724853040e-02,2.868697474514702098e-02,1.268727422767618705e-02,9.486852600523582729e-03,1.811661219293689328e-03,4.639204052314565077e-03,2.947413817797541608e-02,1.397166078737696257e-02,4.482273252542080290e-03,2.158753218292608703e-02,1.358240972293973114e-01,1.473513185471618352e-02,2.986271004434029042e-01,1.177744258144614031e-01,3.454763238963335509e-02,6.899936445529795126e-01,8.998098111760952436e-03,2.116032180166454724e-01,1.610351487143528049e+00,7.463407105681006959e-01,1.084716630823524541e+00,3.700493385515293832e-01,4.643862946034231776e-01,3.252393552826038925e-01,4.367811976732823842e-01,3.136249486480686688e-01,3.639399789185730483e-01,2.272886663033537313e-01,2.048366122139456125e-01,1.571847477983951968e-01,1.755350276893236916e-01,1.005465676755603645e-02,1.155553626734983491e-02,4.142382277448218575e-02,3.456089950419437978e-02,1.966151267182897344e-02,1.527635329418769970e-02,8.881011119790803432e-03,2.787172870747913096e-03,4.952319163953708414e-03,3.562073082176626937e-02,1.863073551174910386e-02,3.935024744046182812e-03,1.108400736115095105e-02
1.269086357947434296e-01,2.488953618392453909e-02,3.029358624762075625e+00,1.861588510684442643e-01,1.761463290651171520e-01,7.165070509160695877e-01,1.602411615164799769e-02,1.533749999999999836e-01,-2.438510269588476120e+01,2.546703150509170399e+00,3.983103817467178454e-01,3.382365320089649741e-01,-7.909132780389703798e-01,-7.648750072732335425e-02,2.715537816001351579e-01,-4.194443544592659778e-01,1.349229904099822352e-01,2.512194781612989147e-02,5.782106415194334520e-02,3.400407699169141068e-02,-3.414051436427216479e-02,1.107245696042231595e-02,5.630974681954796848e-03,6.278035162046766149e-02,2.991327441538663839e-02,2.729901039279858388e-02,6.859602114377234480e-03,9.939356549705713126e-03,1.755546692818109929e-03,1.107256425512839759e-02,2.364496524814539008e-02,6.628288479808472008e-03,3.911807524493169166e-03,2.603317764739983969e-02,1.433024358951278943e-01,1.490862379137710726e-02,1.606208070975553015e-01,1.074012399360379094e-01,3.678792175197831416e-02,5.781900556530048529e-01,6.342223970017435430e-03,1.781559622213076677e-01,1.469175679787815048e+00,7.359621364303571278e-01,7.854165614777059989e-01,4.426615653693851127e-01,5.061106486341356847e-01,3.105533985223922211e-01,4.702030069017181235e-01,3.467984093465587003e-01,2.675054937268576127e-01,2.252803146776789500e-01,2.611776205381705629e-01,1.605584909081159695e-01,2.280023217224242671e-01,2.143430694826482796e-02,6.555243669162538409e-03,6.361037626675014600e-02,3.376810372009114020e-02,1.770285769644738480e-02,7.922059822906295581e-03,1.073311328655796038e-02,2.915171183503662607e-03,1.438449551090746452e-02,3.893779668649156173e-02,4.591701770672211060e-03,5.268070037705785240e-03,1.493220612552139184e-02
1.586357947434292870e-01,9.207036849185955968e-03,2.785329309514954499e+00,2.104102115505991077e-01,1.809368762948930509e-01,1.313841680040616300e+00,7.991331659716069055e-03,2.490000000000000546e-01,-2.578510174526346077e+01,1.624875533900646429e+00,-1.543066753903214738e-01,1.397516958962637390e-01,-6.591439262956748646e-01,9.057662883652870672e-03,1.741192160851106063e-01,-2.822202012568281182e-01,7.518336013896034786e-02,4.740072961657902650e-02,7.453171292247169621e-02,-5.187115783578843953e-02,5.859053655996872972e-02,1.044251900737499725e-02,7.849158872226846481e-03,2.651068699851579294e-02,1.078287233351275451e-02,1.977021893037976194e-02,1.176717205324809626e-02,2.121153901220555055e-02,5.599844021167795470e-03,1.162737824123898263e-02,1.731913144381597505e-02,1.866934845826587197e-02,5.181076288773359996e-03,1.296773646808469828e-02,6.754492306391010614e-02,1.540473127437872077e-02,3.387542919221772086e-01,7.040422692615244671e-02,3.009937333027553480e-02,5.897038374393085425e-01,3.334835392358841133e-03,1.351813596617521818e-01,2.181933406094533012e+00,9.178339329617083431e-01,6.435087768095694161e-01,4.580089717577455755e-01,4.222990198787465177e-01,3.666899138109828149e-01,4.790612917557197648e-01,1.979643301984085335e-01,2.098503240315898188e-01,2.015177262097758437e-01,1.986963268644895142e-01,1.387424566253445124e-01,1.818020240655574826e-01,7.663077850752595017e-03,6.082019245524794213e-03,2.578488749675292291e-02,9.639544389616318265e-03,1.482666540402278674e-02,1.153980093985949515e-02,1.566017320637107940e-02,9.341351802874237054e-03,8.880977499361715141e-03,1.359107885844065659e-02,2.013930343407476994e-02,5.375867193469294723e-03,6.264094656643245419e-03
1.666458072590737971e-01,8.444822978245695652e-03,2.878325476300243935e+00,2.163340338097738402e-01,1.725363268567040032e-01,1.519418832527546837e+00,8.614718143350356266e-03,3.118750000000000133e-01,-2.543446339143134693e+01,1.035622359856096075e+00,3.699356105396226502e-01,1.470441827460098605e-01,-7.247842009093863336e-01,-4.946031231913267656e-01,-6.565927326795581442e-02,-3.739949093689573512e-01,4.448375576225865186e-02,-9.277471286636046477e-02,-5.071619160318435737e-02,-2.508465741801168061e-02,4.946829399295531171e-02,9.657833284691819814e-03,5.279194417333515042e-03,8.384186785231045186e-03,8.964323875902695596e-03,3.057620858910643086e-02,4.231231392066901742e-02,2.334741362311636842e-02,1.906304361983145223e-03,8.811470430312943330e-03,9.753009755711302547e-03,2.273757948445310345e-02,1.198616118061861073e-02,1.959500107110319356e-02,7.093100080131357899e-02,7.847917221488164008e-03,2.760530873734499679e-01,3.282502777394642052e-02,1.110765195229254133e-02,4.171864393359384637e-01,3.385587122776728252e-03,1.021208689494953331e-01,1.857500038464053427e+00,5.828418788738594092e-01,4.307383092622232290e-01,1.916883037469153672e-01,4.437929818457335696e-01,3.183493438952120225e-01,2.435894045531359353e-01,2.276491610276130395e-01,1.363263267535650969e-01,1.744347435287049719e-01,2.303333728210768261e-01,1.514401282095971524e-01,2.167870447712479942e-01,6.798846337469658004e-03,7.516832258736683321e-03,7.507658723611951995e-03,6.806991078249381016e-03,2.471630135904598347e-02,5.450020580180352237e-02,2.131902565793689086e-02,2.015562883347532096e-03,8.402573114117042191e-03,7.707930025228383608e-03,2.232762334975666590e-02,9.067791321819578323e-03,1.168386104563808904e-02
1.337922403003754535e-01,1.335033546813234849e-02,2.925154748157898332e+00,1.885810519147110842e-01,1.602430789991070859e-01,1.195003312727101363e+00,1.277485916377717710e-02,2.094999999999999640e-01,-2.459646362289759125e+01,1.213003113833407864e+00,-1.569272821358410896e-01,-1.187112468015264904e-01,-9.461014362425592683e-01,-4.770352268424035147e-01,-1.980256671338139485e-01,-2.819115427445109123e-01,-7.341168950541487881e-02,-8.639774179110804031e-02,-5.187013839223039019e-02,-7.768883818399215102e-02,-4.211338494857652659e-02,1.417709878748672422e-02,8.438133956505831576e-03,1.269612344773501413e-02,1.323903879603919621e-02,3.384190087772699640e-02,1.726026604445918267e-02,1.281580170865349866e-02,3.355647147355045930e-03,1.635561326001212096e-02,8.104113050237775340e-03,2.486167909126692568e-02,1.618399806755630235e-02,1.922748285807999308e-02,6.163354544687188463e-02,1.158935721846872033e-02,3.704643261484383276e-01,4.370900653881817227e-02,2.226703733717865646e-02,4.818060207008481033e-01,6.188899149345982939e-03,1.007893843616479296e-01,1.436776191187689733e+00,8.086599799478429995e-01,7.460030050804103974e-01,4.902830359077045563e-01,5.205257752078610300e-01,4.155995078137403875e-01,4.003187072877811836e-01,2.111099444062164709e-01,2.569067990751683350e-01,2.621991999633254689e-01,2.363801940662738355e-01,2.373432749898813365e-01,2.036224893934694136e-01,1.828380381340180896e-02,1.164501436408390406e-02,1.583269984869837069e-02,1.436557419414292297e-02,4.784596969380060238e-02,2.226051947350155685e-02,1.096752301413906304e-02,3.197424501439217331e-03,2.721049791873094564e-02,7.364357783183835687e-03,3.385528033228557554e-02,1.539668291717995185e-02,1.297365963710224619e-02
1.207759699624530725e-01,1.274960846602516719e-02,2.958504453766689579e+00,1.857921937561458348e-01,1.624058933335565946e-01,1.090590861492972019e+00,1.218980348373745540e-02,2.298749999999999960e-01,-2.464477950918021776e+01,1.469093541125541691e+00,-2.035725599539132680e-01,-3.900070413822925852e-01,-9.551483180931403805e-01,-4.198550457657276302e-01,-2.149119742838717095e-01,-3.434375698010295741e-01,1.143088876505424373e-01,-2.057100663026415199e-01,5.339917113290082624e-03,-2.550420314508422548e-01,2.917750863505250147e-02,9.107400865545706159e-03,1.260022372431448059e-02,1.751697331075747696e-02,2.657667542041649081e-02,1.784865606886081035e-02,5.617114085317395818e-03,7.895082032094283275e-03,4.612273022632289339e-03,5.758303637591043536e-03,2.385709557417638182e-02,2.024199259757802905e-02,1.737565159427125611e-02,1.970017889804354799e-02,4.717169511713861091e-02,9.063285238441897221e-03,3.617444934021907810e-01,3.219285323913833458e-02,1.981662720009304962e-02,4.533406627931777511e-01,5.028906042894853122e-03,1.134390667935874647e-01,1.141640075654700714e+00,5.927559570758935692e-01,8.250928932425551920e-01,6.031149370551124322e-01,5.173289824228867184e-01,3.430774302176862744e-01,4.022212775069144430e-01,2.242188968597753351e-01,2.695632612600511457e-01,2.357877852236089089e-01,2.601316322492457922e-01,1.946409940417491435e-01,1.770950684104011241e-01,1.311103964166619555e-02,2.768355848557287405e-02,1.703320362045043085e-02,2.479909531629700958e-02,3.118815042336060481e-02,6.180222526799944785e-03,8.986422267894906765e-03,1.039274578348628290e-02,5.412519727933285882e-03,3.067451969801750569e-02,2.167267001153487180e-02,3.062067940600993535e-02,1.001604800223375967e-02
1.134543178973717037e-01,7.616244472365610481e-03,2.741038594300750031e+00,1.839227371357156082e-01,1.659074004726438512e-01,1.081702482058646941e+00,8.458826302797650687e-03,2.047500000000000431e-01,-2.568794810805530204e+01,1.556008396122082971e+00,1.128990211906095026e-01,3.914072284273908270e-02,-1.043792580633662315e+00,-4.810148536612933734e-01,-4.632203615864723956e-01,-3.563643084826207952e-01,-5.803540253861035753e-02,-1.574507951033513597e-01,6.074641525566999711e-02,-1.077867996221632402e-01,4.110464422661287698e-02,8.888498486407022184e-03,7.404383601630475098e-03,2.207176377795088892e-02,3.350073320005046706e-02,2.156177226556335244e-02,1.202109624608654025e-02,1.129062394009728611e-02,1.514956969122468284e-03,1.159530868996960784e-02,3.671952731167400785e-02,1.698089006265695103e-02,8.154987947659028333e-03,1.934973896549594882e-02,6.327431992497513369e-02,8.031023212529152244e-03,2.998890920858173215e-01,4.795232811150221264e-02,3.001284707350312941e-02,5.594466983603476606e-01,3.519857309240283054e-03,1.106201270113174179e-01,1.379030200174227172e+00,8.401580062062554699e-01,5.603385190918448444e-01,3.714729786372450993e-01,5.731355389823015178e-01,3.326205971130280492e-01,3.778368413316257612e-01,2.398606742226315480e-01,3.081184849021633143e-01,2.066995469458940693e-01,1.863640290096944263e-01,2.355391648413679151e-01,1.830651506848952337e-01,6.657992187839156285e-03,1.524491352729411345e-02,2.250790569007984215e-02,3.245715089330237363e-02,2.258963105252553838e-02,1.192954733108175271e-02,8.352043043794622409e-03,2.530759859947694698e-03,1.425449226869863160e-02,3.841188346775388507e-02,1.283474053171267809e-02,5.558694967730941697e-03,8.900653024097340132e-03
8.535669586983729573e-02,8.374146024320546292e-03,2.898831415917815235e+00,1.730064951585693345e-01,1.735348344818110899e-01,8.109202529060345332e-01,1.055240708695495688e-02,1.451250000000000040e-01,-2.558648449572796579e+01,1.849365543352333274e+00,-1.956721306099609703e-02,3.646595848102346469e-03,-8.390746122358644365e-01,-3.607594955877188037e-01,-3.590079105509002555e-01,-1.735342417654884839e-01,5.189154026402699460e-02,-1.673163538242651849e-01,7.344297360167795392e-03,-7.241410840984083275e-02,-8.399486263225477284e-03,9.429178871075062640e-03,8.632251154065875148e-03,2.981823222339213125e-02,2.194643387152637320e-02,2.460996270280181239e-02,1.662337313267286953e-02,1.050795903063264647e-02,9.870888515646086565e-04,8.355745654234508074e-03,3.143975168570384976e-02,9.292134054458793882e-03,1.338953779530231356e-02,2.168467788873194163e-02,2.427712454216421345e-02,7.671020939200262449e-03,3.950855031241228277e-01,2.819840831019070418e-02,2.626628915666591110e-02,3.414414067015722476e-01,4.789913678420038706e-03,7.200900551319953935e-02,1.368150765155034421e+00,6.149881036016000557e-01,7.493713898111840077e-01,3.737360510709397676e-01,5.136350745047123523e-01,2.996512767740065475e-01,4.772626031043940009e-01,3.251047519227785454e-01,2.791254720337895678e-01,1.882213852827102629e-01,2.181545976320658220e-01,2.346268102728955862e-01,1.616268944937839513e-01,1.332189480903141210e-02,1.373749663820953044e-02,3.077598151736874593e-02,2.204851742831039074e-02,3.715739295476987170e-02,2.784209493411652844e-02,1.176856238471256540e-02,1.225525402272205442e-03,6.560462741827662210e-03,4.161292073494057830e-02,8.985584539608123394e-03,1.794707481592943896e-02,1.055519304385392140e-02
1.392991239048810836e-01,5.127652241517948774e-03,2.818234321868140935e+00,1.899436704840812840e-01,1.664801263442199919e-01,1.106657730290859787e+00,1.276206222917589984e-02,2.091250000000000608e-01,-2.606173665546693741e+01,1.503284069024839686e+00,1.362186028518872771e-01,-1.190480361334374376e-01,-8.102078183378742526e-01,-4.681758277195199325e-01,-2.550918325287961919e-01,-2.673328400675519800e-01,-3.116484126389111511e-03,-4.704192244972301568e-02,-1.406724578808284110e-02,-1.163714286414282012e-01,1.199712802966502664e-02,1.156253923015185432e-02,1.344164443172708376e-02,1.997450491759750896e-02,1.899357103439128919e-02,2.308569207344365881e-02,1.366498701575713862e-02,2.045836033697836370e-02,1.531524447381636764e-03,1.303464306320826181e-02,1.583737345779633737e-02,1.807614175257326455e-02,7.713124787789975637e-03,1.448109966275142046e-02,7.338598105695676166e-02,5.542496304163395913e-03,4.408314231319885312e-01,4.649402240988653734e-02,2.739559817463878971e-02,6.540405575853724951e-01,5.427948523274482052e-03,1.221148921098487300e-01,1.357812770913067180e+00,1.104760108753314762e+00,6.369488188178321630e-01,3.508457092085726647e-01,4.337321195970324506e-01,3.546756422207099635e-01,5.020727708460022143e-01,2.328622208288023132e-01,2.625563631898247263e-01,2.158305643078535785e-01,1.678811380502132633e-01,2.053302972727550357e-01,1.364859235046353980e-01,8.333949721793548759e-03,1.637737678612671138e-02,1.690185323947727622e-02,2.583101549203176833e-02,2.558511029422978061e-02,9.951558769032527868e-03,2.387472131745213208e-02,1.418101444228873909e-03,1.237896106229700519e-02,1.500605672928972088e-02,1.638815621132248823e-02,8.251457423404091537e-03,8.572117650265619754e-03
1.071075686713655051e-01,1.181333222920027438e-02,2.615616396696629042e+00,1.728925813339468320e-01,1.594169509639200566e-01,1.028587682182582563e+00,1.353924787507708102e-02,1.665789473684210209e-01,-2.486406284767339869e+01,1.539721827363467410e+00,-7.224166706027156382e-01,-9.870591818481730395e-02,-7.541799912664887140e-01,-6.388638947149806180e-01,-1.726872574047017550e-01,-1.331196400290430848e-01,-1.421028136837410583e-01,-2.102869264952385853e-01,7.227885170234504830e-02,-1.079969861815798654e-01,7.980860979386944498e-02,1.067855334596662549e-02,8.114596067880577857e-03,1.648542382578362456e-02,2.060297581896537375e-02,4.761716873317172610e-02,1.146419189557665828e-02,7.598038255226930403e-03,3.190111421128889822e-03,6.168598905049426859e-03,1.948198422372722505e-02,2.392585660470415362e-02,1.349529452334482377e-02,2.030496697220251015e-02,4.393407992585188215e-02,9.011751890807237139e-03,6.188222331433629320e-01,3.371825549200863775e-02,2.730186530904398640e-02,4.566585906289340469e-01,5.647137028607456671e-03,7.137378686551208717e-02,1.215508039985588651e+00,8.011082020202865417e-01,8.040117237542799833e-01,5.566724083145565549e-01,5.426180491814607265e-01,4.147969279339485116e-01,3.811540896969922709e-01,3.473437905762456479e-01,2.490486909852424047e-01,3.409876292839782441e-01,1.766537775417737766e-01,2.385665263590038554e-01,1.408114586876117735e-01,9.686113152254326869e-03,1.001289936472768947e-02,2.085796789877080587e-02,2.385993524900745927e-02,6.392843821476407173e-02,1.089255609862087651e-02,4.741687648302623029e-03,3.156896615928578287e-03,4.861356481088548176e-03,2.600833866519757995e-02,1.943437090618964705e-02,1.294719140360911513e-02,1.579992807933142465e-02
