3.785982478097622145e-02,9.979976093075471587e-04,3.054029839639475163e+00,1.895924969083036815e-01,2.427459506965442826e-01,1.955742234178350081e-01,8.233107294735170223e-03,2.637500000000000955e-02,-3.060615901693213914e+01,2.259309502286832139e+00,7.765720665752385843e-01,7.912253337725967395e-01,5.053944966422954099e-01,3.486041990375762234e-01,1.493890731532098171e-01,1.582768248703702585e-01,4.142053355040860307e-02,-5.297115429586448515e-02,3.443792689426953234e-03,4.359812362639508936e-03,1.843689945580185771e-02,2.697573371890759058e-03,3.941732458102111566e-04,5.796908491740656449e-02,1.775349347970345531e-03,1.478449923027480573e-01,1.206431880792109383e-03,1.944695959228604290e-02,2.513269560466819381e-04,6.333125280038651552e-04,1.605844946745087643e-03,3.811124785897283818e-02,3.287996343661016480e-04,4.753814495230732767e-02,1.369805706975505549e-02,2.337651809251983619e-03,2.311292870504908781e-01,2.633409904248651748e-02,1.437856699430446923e-02,5.464730639016694702e-02,9.525995947163809832e-03,4.903761311483256259e-03,9.665464462857230599e-01,2.500534019996338841e-01,1.832237759344393646e-01,2.319563432514643864e-01,1.266926376463477222e-01,1.228875288808198435e-01,1.579403570385337074e-01,1.080547872880665422e-01,1.844877063439238074e-01,1.405667942547794702e-01,1.230195561793228226e-01,1.382627665096093639e-01,1.151025408416005286e-01,1.143352888737867194e-03,2.379790763215018591e-04,1.337419365872645656e-02,1.114825809036534658e-03,5.727345512818231982e-02,9.918902438388417422e-04,1.705412044208770572e-02,1.347189820925109188e-04,4.401969040474481881e-04,1.496063296223031948e-03,5.397148889165336721e-02,2.428990179114564501e-04,5.776325380357893308e-03
3.466833541927408224e-02,3.084306462475980238e-04,3.193652489587329946e+00,2.015265995514909925e-01,2.445666277715509429e-01,2.142423797784866468e-01,2.758537343726942450e-03,2.550000000000000530e-02,-3.113509572452445440e+01,2.084487289789952236e+00,7.751033413277220729e-01,7.268163832124817647e-01,4.480686056675882156e-01,3.862413680354077061e-01,2.611839043009677175e-01,2.229722874845114777e-01,9.901227080525554225e-02,2.049209468914169746e-02,6.306431026840365883e-02,7.287614101814908485e-04,-2.574840430215134118e-02,1.888220689076150222e-03,6.492219956912647456e-04,2.843157271252507584e-02,1.259729706316110214e-03,2.028671601976162475e-01,1.288710300399900036e-03,1.233043525182882065e-02,2.299151214775390435e-04,7.424657978054645825e-04,1.376739862333473596e-03,8.593508535765809891e-03,3.368765448253457050e-04,5.550551780044562372e-02,7.746567271811654991e-03,6.204592557975550568e-05,9.873634416438203942e-02,1.027681725688697409e-02,3.795235794958163201e-03,2.140163030391839874e-02,2.109298626575136296e-03,4.000000000000000951e-03,1.532269004567370640e-01,1.351146489211342561e-01,9.279549185871098504e-02,1.237894583933399489e-01,1.129615220535638564e-01,1.834975575052821550e-01,1.518945683795047408e-01,1.373164080730205905e-01,1.242269707628509134e-01,1.426177714368717930e-01,1.662891749108198203e-01,1.282180727374895024e-01,1.183398127668860156e-01,1.097012205726077957e-03,4.576820302205582064e-04,7.913187270694668415e-03,5.316869637012745613e-04,1.486254200620930332e-02,8.881708740631709918e-04,9.394042438669392495e-03,1.715790411743812788e-04,5.338193870251639172e-04,9.912251572246886556e-04,1.402240500281205955e-02,2.378276282786611099e-04,3.655535862528883507e-03
3.861076345431789514e-02,2.635038272163805193e-04,3.201945278842919684e+00,2.025841238687719204e-01,2.432040598850274404e-01,2.364136924510363280e-01,2.210142083244512855e-03,2.750000000000000708e-02,-3.113787656979473439e+01,2.159501400935086135e+00,7.229596767119220724e-01,6.929822222540920063e-01,4.013932385591115204e-01,3.654376687416452940e-01,1.967787953294534986e-01,2.059856104290707923e-01,8.757793679196329562e-02,-3.510317049707447484e-02,1.049420351020419473e-01,6.127056255987951838e-02,4.325053168287405769e-02,2.149501835423878356e-03,6.639574722825518924e-04,3.537144642578340936e-02,1.538315498281757603e-03,1.993453358450773261e-01,1.442694316442905741e-03,1.131385110373737957e-02,2.753867974591265883e-04,1.229736411302731177e-03,1.330323430612857880e-03,3.808017259328015137e-03,3.043706324841669161e-04,5.451494618511628504e-02,8.332778543387289044e-03,2.743967358704661313e-05,5.232975567406932677e-02,9.393907813699949386e-03,4.623710904482306386e-03,2.361387093511582019e-02,5.056103695834956221e-04,6.938893903907228378e-18,1.084914012659090321e-01,9.379986134955681232e-02,1.023886993399783646e-01,1.363919380846012608e-01,1.298007614322868875e-01,1.247605823295924038e-01,1.362913177284087451e-01,1.239574699651617706e-01,1.286291526215684045e-01,1.295189171512345361e-01,1.117544034233590028e-01,1.240878167435233992e-01,1.095358051927950577e-01,8.652582687639047291e-04,3.886119557545752784e-04,6.682903364093865754e-03,8.029849486357007763e-04,7.066645506829284142e-03,1.203787997926966538e-03,6.173031914916885139e-03,2.591133462733510276e-04,9.191365476286640721e-04,7.545193688069684081e-04,2.351745633292812859e-03,1.825524033313300550e-04,1.887276985789862081e-03
3.842302878598248539e-02,2.658731326664719044e-04,3.176789092794655822e+00,2.009566265579370847e-01,2.437593674322361958e-01,2.462921021281233858e-01,3.518910295297611977e-03,2.750000000000000708e-02,-3.102816739560240578e+01,2.211303201348916225e+00,7.185124502278129599e-01,6.619434279679849986e-01,3.828396398680787849e-01,3.487679463888274656e-01,1.300952980198399889e-01,1.747209414571620489e-01,6.680537433102476386e-02,4.570395516913948464e-02,1.230581809405566079e-01,8.407428446301805358e-02,2.628223177529755844e-02,2.194440735420735353e-03,6.076054445320961317e-04,3.899328454083992451e-02,1.411222450661827037e-03,1.875976007678362423e-01,1.498586804137309577e-03,1.461919084084016551e-02,3.530543537968848533e-04,1.052952734397117349e-03,2.130631735573892179e-03,1.220147276013232134e-02,5.142440418771413672e-04,5.163049673756989894e-02,6.775808602572798434e-03,6.013827142436832502e-05,8.766226870783945524e-02,1.001176006308445408e-02,4.997975280223477222e-03,2.720273182064520887e-02,2.107735777085157410e-03,6.938893903907228378e-18,3.045006779797284624e-01,1.031906967416406085e-01,1.347656802000878618e-01,1.074933597417806336e-01,1.757976202370419572e-01,1.732132474426159308e-01,1.341468451154681774e-01,1.258734915544116040e-01,1.241947072527251339e-01,1.078614194982172869e-01,1.286617214893899519e-01,1.548734481128053175e-01,1.212863160872628132e-01,1.459296921870682990e-03,3.350639239101030733e-04,9.211655205710087002e-03,8.151192951630501426e-04,2.094014067940495882e-02,8.577088303612949091e-04,1.364561337170075266e-02,2.438859657906446426e-04,6.587570323852045932e-04,2.230263106522011388e-03,1.649669322289270754e-02,4.387682870440961992e-04,5.114480044356115376e-03
4.518147684605756942e-02,3.866951595772247490e-04,3.179710721403425477e+00,2.077774374580594330e-01,2.376249182096157875e-01,3.368383972737672982e-01,4.094367137405073229e-03,4.400000000000000439e-02,-3.095998983274136407e+01,1.942158548117334460e+00,8.281068584750764794e-01,7.635648404239726572e-01,3.524357259109522911e-01,2.827440720938652619e-01,1.544604103312031129e-01,2.072732085558647575e-01,1.477187775336796238e-01,-1.499111959086207001e-02,6.440246273130635635e-02,1.310401321764300686e-01,-1.011075551270168571e-03,2.765265314567404934e-03,8.692259269701631177e-04,3.700145750908064024e-02,1.216023315944943489e-03,1.868485343139963117e-01,1.530993914975894554e-03,1.041034487053184472e-02,2.303863138291439188e-04,1.339841578821533274e-03,1.719085981473801508e-03,4.433633155108382927e-03,2.002959755272104743e-03,5.137421748251751186e-02,2.765334426008050558e-02,6.117877253899885572e-04,1.427282578994561457e-01,1.405700945995521853e-02,2.353226378719176087e-02,3.323156900977479733e-01,7.541245360476158711e-03,7.192183256842112071e-02,7.620128239664112346e-01,7.198337735498797629e-01,1.998183004311887279e-01,1.153145273438380136e-01,2.241724783943421784e-01,1.349293479628389802e-01,1.741949395524308164e-01,1.856873816641820274e-01,1.879717608571661314e-01,1.380537872993912174e-01,1.567912209918730371e-01,1.740642790172690357e-01,1.441370481649617563e-01,1.360362325295605282e-03,5.698606773652897762e-04,1.015024639581356067e-02,8.231402934112298656e-04,3.938618138105085681e-02,1.031812637565832601e-03,5.607860683044601884e-03,1.219875963233876516e-04,1.297104469186909905e-03,1.209341820030830194e-03,2.220602939592199957e-03,7.089690196613361930e-03,9.762481003420692485e-03
7.740926157697122778e-02,3.935686017993256063e-04,3.152206607084650614e+00,2.167703401780546602e-01,2.169014779008412164e-01,7.485229572077376492e-01,5.422882116485508268e-03,1.149999999999999634e-01,-3.041799037629399294e+01,1.322036080456473472e+00,9.192364490093911655e-01,8.757846158157368555e-01,1.250710667633239126e-01,4.819552039583457348e-01,3.159414125535425777e-01,3.129789306168557356e-02,1.831204994095912697e-01,4.360381835994379951e-02,-1.011718385425502270e-01,2.186324700811027033e-01,-2.194263554908715830e-01,2.602923521415621659e-03,8.803606175433881242e-04,2.978403743220044489e-02,1.444399926052926690e-03,1.609431979325931794e-01,1.541806001175244313e-03,1.127619828104001361e-02,4.630461743538072687e-04,1.088581920372123273e-03,3.825413530611547486e-03,6.686889143893164425e-03,1.513247664839887686e-03,4.400399393844969809e-02,5.117242097881962576e-02,2.889386420097180431e-04,1.829580720750078604e-01,1.921055547223404422e-02,3.098521539891228860e-02,6.393260509499204547e-01,6.232821782687108202e-03,1.110939917367271684e-01,8.188333937620239089e-01,8.926168755901163765e-01,3.047190786943759222e-01,2.950278886941372636e-01,3.596334861009872208e-01,2.002636608775674176e-01,1.500265203899278088e-01,2.776536244676658383e-01,2.286577180088873729e-01,1.441238705251682295e-01,1.909814582570036612e-01,2.368678641010531216e-01,2.230038459463826450e-01,1.354466347316753833e-03,4.277094655581370930e-04,1.310747278285698779e-02,1.289545398298564717e-03,5.346705498273664203e-02,9.472644662744764566e-04,8.164426252317421098e-03,3.498054816035842856e-04,8.278911451374913050e-04,8.076644854603586693e-03,4.226495801896382881e-03,1.891320029802804909e-03,1.454430087406336121e-02
1.230913642052565704e-01,7.746538978863194789e-04,3.095123689694383007e+00,2.473305078627005549e-01,2.076871731654232056e-01,1.134034167014729144e+00,7.157230009350611100e-03,1.902499999999999469e-01,-2.963077460223785309e+01,7.012594731098219514e-01,1.195182467708443053e+00,9.225218167875128827e-01,5.084477373327987021e-02,4.549870165882828887e-01,2.902640736365812435e-01,1.383790743764016784e-01,1.195924026690737552e-01,-1.972798772808567747e-02,-8.398454557853976543e-02,1.758904624633681191e-01,-1.530453424879656688e-01,3.384167593289334752e-03,1.523731544203242539e-03,2.584328791000046338e-02,1.435007988480739832e-03,1.201144244749599854e-01,1.998159797778767312e-03,9.158855301666825668e-03,8.750831294555769246e-04,1.358126931990398566e-03,3.086684362945699665e-03,1.033493149609931647e-02,4.346432031982082680e-03,3.313638614429740420e-02,8.494267089193774378e-02,6.547401826146662367e-04,2.769238137220585427e-01,4.093461826228132067e-02,3.409904538843694377e-02,8.557869596595855111e-01,8.593660199962318766e-03,1.682797150579950496e-01,1.311346401998169320e+00,1.309263665810692201e+00,4.098622065140411497e-01,3.171329846781821282e-01,3.331123356972536809e-01,2.543130947349908633e-01,1.385079401887318318e-01,2.528904270424239820e-01,2.205497509977865922e-01,1.323169782752465495e-01,1.980738536142306327e-01,2.425246654077864716e-01,1.497968303290107828e-01,2.558014565076161158e-03,1.101883800554670631e-03,1.601408141111603650e-02,9.444950527437689361e-04,7.052487631033553528e-02,1.757134576120942876e-03,7.819421238083549414e-03,1.424403348615659211e-03,1.335743936816725886e-03,2.786835168882122356e-03,1.113374434331347411e-02,9.724580328871929719e-03,1.897957431370564732e-02
5.757196495619524429e-02,1.054902899605058772e-03,2.911217070488006264e+00,2.048347912754301114e-01,2.332913969404121768e-01,5.339067694470498449e-01,2.063544466109759959e-02,7.837500000000000022e-02,-2.984229579207501004e+01,1.782923802128670632e+00,9.371402347539709021e-01,9.155642712653431214e-01,2.840364152978961387e-01,3.826465210616163404e-01,2.801984753157831798e-01,1.282997325818737988e-01,1.924083686891223388e-01,-1.959991635831003637e-02,-3.811844337758288348e-02,1.827510203768281660e-01,-3.006376947683829168e-02,3.818785360331602118e-03,5.589004217678042539e-04,5.368372613574427105e-02,1.616953894345127653e-03,1.112336838419560464e-01,2.000001801204963868e-03,2.895406242659499113e-02,2.847159760978990690e-04,9.148323463265435867e-04,3.749367217206968968e-03,6.375644402420330148e-02,8.949393664105463045e-04,4.508675500698586941e-02,3.658980311964580429e-02,1.236126275426048873e-03,3.462392570560557381e-01,4.443260004713459749e-02,1.636772299515247900e-02,5.876022468043157199e-01,2.659708115101570153e-02,1.372822707963413102e-01,1.150327375520910467e+00,6.905888339492222139e-01,3.846773379403190529e-01,2.535539530418762233e-01,2.714657296466638781e-01,2.258524897184536195e-01,1.932560450040624322e-01,2.098035044105549252e-01,2.255083783507703665e-01,1.493088226987721034e-01,1.588184421118403467e-01,2.176411303713580714e-01,1.668881840399394634e-01,2.896444940275933258e-03,4.371578598056430538e-04,3.216111979986957525e-02,1.445494398917645086e-03,7.409942295304131066e-02,2.223972608546564110e-03,2.239395432459673554e-02,3.409808438636866695e-04,7.630400659870811278e-04,5.015727613134023793e-03,7.236216896747109384e-02,1.740080628622588848e-03,1.222061868817165588e-02
9.624530663329163016e-02,1.104406201108087049e-03,3.107308856595082602e+00,2.293952512505221808e-01,2.114473537296630568e-01,8.663100278636652885e-01,7.598186266871385930e-03,1.290000000000000313e-01,-2.998371138430078275e+01,1.055800752765057693e+00,9.274162691072211917e-01,8.755200575660891937e-01,-3.013508429812586376e-03,3.407710132008346382e-01,2.712314302777020791e-01,4.597678624829557026e-02,2.510508826429909690e-01,1.487217926343908578e-02,-2.721680920060181100e-02,3.574558540606647683e-01,-1.553648061882457465e-01,2.955502972716545808e-03,7.841875934166203047e-04,2.570765363795044986e-02,1.248677192239356065e-03,1.371910545851666718e-01,1.471809562107230908e-03,8.520271559675728773e-03,5.569441348926996299e-04,1.747499396846384544e-03,5.274418008720726733e-03,5.748844949289786885e-03,3.834537611486262074e-03,3.840218653109860047e-02,7.074705413394588582e-02,2.129086300159669341e-03,2.380178540613267502e-01,2.132488878589296546e-02,4.373907294496110626e-02,6.963963693298136359e-01,1.039264966287415867e-02,1.281951637153289636e-01,1.383603790232468933e+00,1.308072767235259448e+00,3.407073659700660673e-01,3.551482487139125954e-01,3.819306478588143094e-01,1.539909709906323310e-01,2.044976602643779340e-01,2.811493364275455265e-01,2.073865447545840124e-01,1.105217841322739813e-01,2.108149441219697440e-01,3.103268659126022788e-01,2.527935196593935063e-01,2.688270903582152226e-03,4.393650009042680262e-04,1.592358944787754249e-02,8.057595110136563793e-04,7.487996501521486381e-02,9.519221562303095165e-04,7.531948260864648574e-03,6.423948474698852997e-04,1.367581341668145690e-03,9.901267709224172500e-03,3.596035228457869406e-03,8.384210292375430737e-03,1.905628628562473781e-02
1.026908635794743507e-01,1.000967281610869565e-03,3.153316582791771072e+00,2.371325394242834173e-01,2.150816333658406854e-01,8.074885904025921324e-01,5.314380585244225970e-03,1.323749999999999927e-01,-2.990706744193342814e+01,1.014715293296773790e+00,1.006435895779807188e+00,7.483744120716975257e-01,1.165482448933824466e-01,3.885798538392610246e-01,2.191029941966850525e-01,1.125318651389429492e-01,1.206972452896810238e-01,3.777226711775098777e-02,-3.370571264051063637e-02,2.086832263670931054e-01,-1.162732549627192580e-01,2.973039323984919859e-03,1.513300191902677318e-03,2.920934793962664047e-02,1.675021385037740685e-03,1.457811684773127892e-01,2.084619758154073604e-03,1.150438962366820937e-02,1.338890776483925684e-03,1.433589007692153425e-03,2.084425431976945527e-03,4.683118570690566855e-03,3.070166626682878375e-03,4.022812254120988057e-02,8.904287402029865961e-02,1.777641681050502829e-03,2.467331983508430637e-01,3.967503789591535907e-02,3.540896299918795675e-02,6.730036809034730672e-01,8.099124307480514220e-03,1.433537473350452729e-01,1.532995727007957054e+00,1.276250170036536291e+00,3.613601063462305585e-01,1.911553912006840050e-01,3.227714882310365740e-01,1.584302097908399098e-01,1.358178630018205824e-01,1.653839683897876667e-01,1.995031215959834625e-01,1.575033491768060567e-01,1.660430324498549381e-01,1.695132141713440732e-01,1.646857586741281854e-01,1.925188793768062116e-03,2.100763641432497244e-03,1.539650100295917798e-02,7.557970924279303277e-04,7.112606888220378287e-02,2.529953645945878533e-03,1.034848085483203346e-02,2.031440443850029889e-03,8.965843551200410868e-04,1.284361681250406921e-03,4.263624760604251170e-03,8.298187792462208973e-03,1.886573684942446233e-02
1.202127659574468155e-01,1.005254632758561173e-03,3.140886489741534060e+00,2.446937839057801156e-01,2.087817283372043475e-01,1.132482589791871330e+00,6.772019730614750772e-03,1.931249999999999356e-01,-2.963664229342970202e+01,7.802679143877804258e-01,9.779555209279899852e-01,9.278894566613496986e-01,7.098816990822982842e-02,3.279551919797902282e-01,2.474249029631503949e-01,3.100710219433962939e-02,1.600828623875749646e-01,1.554415373476732663e-02,-6.691371618202443528e-02,3.022532753965375685e-01,-1.402679313188710253e-01,3.906075959926704703e-03,7.703980559172667400e-04,2.759969829183654341e-02,1.827031363093706371e-03,1.247240127163341122e-01,1.541069388812357256e-03,9.792716611704343349e-03,7.527942793824598643e-04,2.063663945283893998e-03,2.951222218615315827e-03,6.066449116203579545e-03,2.789994509828718806e-03,3.431831601309746904e-02,7.784537240688127469e-02,1.442246864908886374e-03,2.071211605290260716e-01,3.503191913840961874e-02,3.758399866511612925e-02,8.226866818684885896e-01,8.005611521277038178e-03,1.612546026474903360e-01,1.617963163019610073e+00,1.290726670741672910e+00,3.702250415153379159e-01,2.157160991943767869e-01,3.859392881707318090e-01,2.394859221491660584e-01,1.528747794047331798e-01,2.835909845906692817e-01,2.263687269855098605e-01,1.096744132287990753e-01,1.921810598556485117e-01,2.499600334084017828e-01,1.973078160342596477e-01,3.040968542404604968e-03,5.795185076703698304e-04,1.663399463380849791e-02,1.337026782337939713e-03,7.378385628248376737e-02,9.083886021602481957e-04,8.354635346972982476e-03,9.467777475583338039e-04,1.484956818870952549e-03,2.540948831605773298e-03,7.865116443899568266e-03,3.952686114045970110e-03,1.996592913091385646e-02
4.924906132665832215e-02,3.958687530321167093e-04,3.077028368089961052e+00,2.041403779785460615e-01,2.394830216584038496e-01,3.446280854531589277e-01,9.186731633000206135e-03,3.974999999999999367e-02,-3.089494642187742812e+01,1.964409435993596631e+00,7.951947029531024613e-01,7.343698643273681714e-01,3.746138152816191336e-01,3.683609228020782167e-01,2.781450765494682398e-01,1.917835855449375737e-01,9.796355691041078173e-02,4.667818717320784683e-02,5.605149289770237214e-02,8.269153277177024308e-02,-5.726615805295859341e-02,2.646805402817220456e-03,6.141577026525006861e-04,4.603836688072239502e-02,1.615475662187356278e-03,1.607350028163280209e-01,1.421612657030573660e-03,1.928040123359943750e-02,3.032486785423114169e-04,8.298754208597858154e-04,1.847766231289202019e-03,3.231769502728922688e-02,5.769347791752466514e-04,4.955875651298967399e-02,3.123969815361200483e-02,4.127270891410279407e-04,2.163875007600646605e-01,2.727293815443334463e-02,1.414862247565452577e-02,3.479971032393125441e-01,1.119420022827529761e-02,6.505718638244359364e-02,6.073304197524131975e-01,5.005516458330721008e-01,2.180518326831876741e-01,1.580452011516882138e-01,1.423464551845389503e-01,1.664590511106875947e-01,1.679091349396131250e-01,1.538177275581345538e-01,1.373126911700311703e-01,1.284147928176132547e-01,1.985074015685377447e-01,1.104623908753799011e-01,1.648257515743020707e-01,1.721323781618998988e-03,3.208730349729961811e-04,1.521182882531105923e-02,1.209852368956175700e-03,5.190852937035750347e-02,7.651051526449244517e-04,1.636978386388657572e-02,2.333066417878428055e-04,5.598604147020365147e-04,1.570114134807727322e-03,5.815226038178260282e-02,6.989481984492604055e-04,5.847028819335998127e-03
4.055068836045056663e-02,2.505575789882033490e-04,3.168880444921909234e+00,2.060854900812093271e-01,2.453133017139575434e-01,2.630897554799526139e-01,5.257673235718489033e-03,2.687500000000000999e-02,-3.114781081653353567e+01,2.146613909535011189e+00,7.965900596058165251e-01,6.971719761878938382e-01,4.001699601358826297e-01,3.132816019543097630e-01,1.340311559532312291e-01,1.184449047022322760e-01,8.678839477969438332e-02,2.699754135618985616e-03,7.505157956028543631e-02,1.033016083685976971e-01,4.725889460028574740e-02,2.321641843492295697e-03,6.235514755009252761e-04,4.032133133605891179e-02,1.927715474182490566e-03,1.735078250105562270e-01,1.794473791368745045e-03,2.134032680895546485e-02,2.612896536109817424e-04,1.638375452579332592e-03,1.948045635353291057e-03,2.342996494601967336e-02,4.290506872349037978e-04,5.098380380020332836e-02,8.473747624435925066e-03,6.426234059068647504e-05,1.078594883219010925e-01,1.253278014910246506e-02,6.921026318620128806e-03,4.366467368076379363e-02,5.751045736039924090e-03,2.724311839712920385e-03,2.577141332332738566e-01,1.462851345639460121e-01,1.649996310101790320e-01,1.328708972551692624e-01,1.959616566975540264e-01,1.793456546766649118e-01,1.331529137529120221e-01,1.423139068541490748e-01,1.678238610611486881e-01,1.054855592801599296e-01,1.508593105716995730e-01,1.174955065800743631e-01,1.326460537036409926e-01,1.393955961388748015e-03,4.591730413203317621e-04,9.116127115914333598e-03,1.038360978440682966e-03,3.998973176071435320e-02,1.289893324904736000e-03,3.341057636450850410e-02,1.843880082843496167e-04,1.317586803503064362e-03,1.357643993422594795e-03,4.396039971417018549e-02,2.177004130915748418e-04,4.092906864093790766e-03
3.842302878598247845e-02,2.383404538223645873e-04,3.189156132112906050e+00,2.090313016491534559e-01,2.459445873093061841e-01,2.673414077683780588e-01,3.696894130629077048e-03,2.762500000000001066e-02,-3.116786419405493191e+01,2.070637915527546280e+00,7.429689801676665484e-01,7.462734732897464696e-01,4.070361899945269535e-01,2.600289331577804730e-01,1.797352765339389480e-01,2.208882001002909212e-01,8.174958880638882874e-02,-2.644779082405523951e-02,2.732538038272693676e-02,8.814288225464979309e-02,3.513653663348146466e-02,2.833502425411600373e-03,7.193782831406588234e-04,3.660752421819497837e-02,1.420685113045937501e-03,1.886148944990377330e-01,1.577175517302340391e-03,1.370884901284106713e-02,2.229775321540925100e-04,1.007728648529414685e-03,1.370791351457070588e-03,1.472824565989355738e-02,4.253374125360017484e-04,5.215181535854711281e-02,7.499994125946749836e-03,2.542446300338357379e-05,5.312808657219202785e-02,7.974584082310593944e-03,3.689513488473147515e-03,2.902239590935222144e-02,3.146452002301941293e-03,5.448623679425839686e-04,1.726674762219368442e-01,1.202896275927445441e-01,9.518573411349849633e-02,1.156189411487692220e-01,1.502334239011658135e-01,1.500962419524163038e-01,1.306601745720647745e-01,9.284036248139219960e-02,1.063283386610979764e-01,9.128466021965091215e-02,1.406193025859368284e-01,1.422490414376273715e-01,1.127747105909708281e-01,1.603604448997168015e-03,4.454359630095678074e-04,8.381764132768651857e-03,1.064493213792959154e-03,2.314798573331670536e-02,9.613288213115751824e-04,1.113379397659992366e-02,1.445494347242719626e-04,1.053863588042708646e-03,7.897981033392144400e-04,2.403661299507313734e-02,3.432433231779050847e-04,4.320338624769795750e-03
2.031914893617021156e-01,1.866666907093780413e-03,3.149616050565164471e+00,2.717027585705035775e-01,1.735583834684079618e-01,1.859915226182226267e+00,3.960363326903359148e-03,3.127499999999999725e-01,-2.792181247121975574e+01,-7.316652438966392280e-01,9.800393299815089998e-01,1.199459349151802190e+00,8.066221727531375577e-03,3.599716738423478501e-01,4.397985777396564155e-01,-2.872042157443296939e-02,7.976349179329595210e-03,3.186720663652933272e-01,-2.280425835183300109e-01,3.442610992468976283e-01,-2.900081953748680497e-01,2.316294107914788208e-03,5.001963740804955903e-04,1.161763242374184817e-02,1.551674292105347571e-03,5.536568714917212974e-02,4.278436867019745973e-03,6.957398646910709084e-03,1.601792598985859930e-03,5.532655761601654176e-03,5.975530536298880036e-03,7.280665130835933634e-03,5.118348635788296137e-03,1.547659305919084349e-02,5.755192963673184947e-02,1.691442286696451767e-03,2.111340204083410887e-01,1.941430367686535624e-02,2.475236565754431600e-02,4.774976851335303585e-01,1.321948637169637888e-03,7.411941378613297327e-02,1.240545615722052908e+00,8.995954463472445317e-01,2.760525901554893302e-01,2.224361326286112273e-01,2.513426547396526156e-01,1.258505266968387715e-01,1.685562105092456020e-01,1.126152141474369012e-01,1.210640726850125415e-01,1.231434758145180525e-01,1.604330980730801770e-01,1.410536841792819351e-01,1.293821847175259387e-01,1.763790998056468089e-03,3.911796733216347383e-04,1.227944018857959549e-02,7.052868913942108957e-04,5.320285120851918348e-02,4.290117780906404187e-03,3.641064837094964805e-03,1.653853570619103234e-03,5.421108907213335708e-03,6.645899533487599833e-03,6.091675565899777080e-03,3.866782479783604804e-03,1.421632956215925815e-02
2.197121401752190339e-01,2.363947024310274637e-03,3.123460781898273808e+00,2.768839088842661722e-01,1.660320925952146476e-01,1.894603406652000555e+00,4.691342255276100860e-03,3.257500000000000950e-01,-2.774413096104709808e+01,-8.787068263779141963e-01,1.143993279770781246e+00,1.152193088292740475e+00,-1.381834684785395173e-01,4.199836211427588895e-01,4.293440199476893926e-01,-3.625688429851579853e-02,1.151988227462528991e-02,3.001282539496123447e-01,-3.056175769673482590e-01,4.116931026062777832e-01,-1.942757600484838476e-01,2.443851261160348044e-03,4.782965721734014483e-04,1.074446037044504698e-02,1.520967433963800030e-03,4.671799459081953099e-02,3.997977053224573835e-03,4.325853178503914938e-03,2.582086363819717338e-03,4.163950152792700830e-03,4.883603402259772616e-03,6.937012042454749998e-03,3.883434279044342598e-03,1.303683714939658442e-02,5.114210760158773017e-02,1.917709526189264333e-03,2.299204555760856750e-01,1.834442793374768330e-02,2.113298752905569400e-02,2.619319342865506495e-01,2.211017327259813450e-03,2.522523538046771152e-02,9.583363581167598788e-01,7.776678287167317905e-01,3.854685975674522758e-01,1.914345048944189054e-01,1.475222809910136101e-01,2.187337261385112752e-01,1.854229791323272480e-01,1.084500295336206371e-01,1.376605885515217453e-01,1.543043796227913655e-01,1.537049001145254223e-01,1.325367474800189238e-01,1.193298346751538591e-01,1.326044588014001820e-03,3.257730708369135507e-04,1.085028022525341695e-02,9.118017609789336826e-04,4.604557675346467732e-02,3.723955494312017247e-03,2.323223148683758142e-03,2.682753360317298094e-03,2.348092413915179883e-03,3.712629076551674130e-03,6.243861842315818513e-03,3.507266851996709497e-03,1.229039000399051278e-02
2.412390488110137954e-01,1.858501957667137248e-03,3.202422280884996475e+00,2.825431385360687719e-01,1.640761157594199937e-01,2.075017467413836858e+00,3.700916117122014619e-03,3.413749999999999840e-01,-2.773886943841198516e+01,-9.720335117059869523e-01,1.194310600294012037e+00,1.172565591166137455e+00,-4.878930720495048418e-02,4.189872161340454926e-01,4.322617450817186624e-01,-5.763148097306217826e-02,7.221770339667983596e-02,2.558563960396846304e-01,-3.422341168430093061e-01,4.817103132862371462e-01,-2.946636135369142817e-01,2.284707022014763247e-03,4.191308355877062662e-04,7.852841247136681940e-03,1.310166800742449105e-03,3.469060276480184085e-02,4.213755520482280990e-03,4.083840234199167044e-03,1.801387859189770759e-03,4.837584129678093592e-03,7.166930857492792226e-03,5.865923811514574607e-03,5.821517683447968369e-03,9.493074632613994826e-03,2.522414753057238002e-02,1.551016102827878921e-03,9.258732957126124263e-02,2.007762414229815467e-02,1.027794159737032038e-02,8.440150413671237972e-02,6.272392946141193719e-04,2.392011444370615095e-02,4.586130174042438168e-01,3.893179541642034502e-01,1.433549526627898307e-01,1.644834750504253762e-01,1.270898798912336036e-01,1.611003671978676610e-01,1.451955327227410220e-01,1.225371684354603780e-01,1.061224011179414534e-01,9.865675404016469030e-02,1.533374094246281183e-01,1.258282459441735224e-01,1.298346780702189507e-01,1.670379519092853385e-03,2.173070934847155453e-04,3.286391574918985734e-03,7.298849769355109833e-04,1.424094409047692300e-02,3.005693721378380028e-03,1.990027310231137336e-03,2.359638803426783275e-03,4.487043384967619002e-03,6.925680966032249017e-03,4.192935333419073665e-03,6.775737801146613018e-03,3.677792119448521860e-03
2.396120150187734943e-01,3.578470578330864797e-03,3.152025980384139281e+00,2.780232739342303749e-01,1.528686487553539419e-01,1.944469786074774165e+00,3.763186788747569823e-03,3.296249999999999458e-01,-2.710250821047582548e+01,-1.467718854810994067e+00,1.006083998195905771e+00,1.398320325586553725e+00,-4.007818654803787378e-02,4.006676173509412520e-01,4.576901368781826074e-01,-6.201713269074214663e-02,4.108260693977999756e-02,3.056063722829412410e-01,-4.209837010475229180e-01,4.361445189075409123e-01,-2.442313339227531466e-01,2.516469704770232969e-03,4.253927119693544259e-04,3.607227250927576203e-03,1.286211323333870090e-03,1.714893927949324298e-02,6.645495111741013539e-03,4.971982368343409384e-03,1.502350698735145217e-03,7.807130081138732684e-03,1.021776639823956598e-02,7.468185346322715745e-03,3.485518126284799841e-03,6.257594910027077136e-03,1.405699675948088138e-02,2.199619849909687213e-03,1.736335265197073430e-01,9.600907917714772769e-03,1.005395959931873993e-02,1.069473837279481671e-01,6.265674823582858752e-04,1.557792909856762359e-02,4.666572461824193274e-01,2.988059869482294073e-01,1.657946264431960914e-01,1.380952295177711731e-01,1.618363974792931537e-01,1.433867256683415137e-01,1.617917385881972037e-01,1.772677041824907429e-01,1.453492221492238001e-01,8.516588638895015995e-02,1.474870488220713927e-01,1.234005467054379440e-01,1.504387751852272748e-01,1.784593888415498403e-03,2.215625296853098998e-04,1.571419110524557286e-03,9.125403082991377255e-04,7.772744863632470927e-03,7.007449148158633595e-03,3.995002078387094660e-03,1.099106952659363156e-03,9.339908266412066951e-03,8.082932432334473047e-03,6.325131163053135559e-03,3.103771517410857175e-03,2.766758650215033095e-03
1.687734668335418853e-01,1.755209415624787604e-03,3.068754488640068612e+00,2.428439021489095795e-01,1.828851658984531059e-01,1.500635568282131960e+00,7.969691548428681910e-03,2.454999999999999960e-01,-2.845981426629565547e+01,-1.444938625404280641e-01,1.097573585544480590e+00,1.254098546618627186e+00,7.140756748820145661e-02,4.404118776492372267e-01,4.193841392612412955e-01,8.660336660286779842e-02,5.619930697699776836e-03,2.461622733512208450e-01,-2.558240730392623563e-01,3.646194381730238909e-01,-1.465975613039923187e-01,1.899859704199088851e-03,4.525317383325516132e-04,2.510555529074484649e-02,1.709720262479050941e-03,6.630779966352357002e-02,4.003776961656003650e-03,1.461529478842218434e-02,1.857732878335182757e-03,3.894939565149034381e-03,3.599820181556907632e-03,2.766532020107405690e-02,3.213088709548059425e-03,2.165226877203967754e-02,7.660277418315086795e-02,1.452143038268220981e-03,2.846448173069752730e-01,4.062856629601116487e-02,3.094357432801474184e-02,7.170961614473974066e-01,7.531224068238018092e-03,1.180164183493127433e-01,1.223920727277653775e+00,1.207835156695304502e+00,2.647829738891571694e-01,3.286863286903662917e-01,3.060321765500920166e-01,1.960439949600936149e-01,1.969027546761515091e-01,2.084645042403934223e-01,1.827637823659288563e-01,1.633404561900699548e-01,2.274296571352966145e-01,2.101945311921458726e-01,1.404177140470474761e-01,1.247660569131951681e-03,3.254019482050845018e-04,2.651514259694277842e-02,1.405835992813614117e-03,4.849074237128904452e-02,3.541909547145933798e-03,1.839877084712796679e-02,2.686952755581281400e-03,3.834358432096025577e-03,2.980968414619245693e-03,4.001127427083128046e-02,4.479360674982394569e-03,1.528302947502908210e-02
4.561952440550688659e-02,2.339162984067349516e-04,3.145375080674757573e+00,2.099162687112118009e-01,2.474221381988015445e-01,2.806300391340594835e-01,3.916309289794555303e-03,2.587500000000000910e-02,-3.124233827742096281e+01,2.013554231296985186e+00,7.456512982450019811e-01,6.860611224914268114e-01,4.539102083579019675e-01,4.069109948197352500e-01,2.224867159407463435e-01,2.448020830605809051e-01,1.150758729339085296e-01,-5.640552808186241954e-03,4.643315895444023039e-03,5.338268194570190868e-03,2.841667507949944410e-02,2.953375862944597561e-03,8.634564334070134791e-04,3.672943628856529391e-02,1.565985139131917999e-03,1.773575170616062679e-01,1.420211728552997011e-03,1.406900596300847926e-02,2.959195889557043662e-04,5.804802736979852544e-04,1.501018762667675772e-03,2.767285069631196873e-02,4.364365547878614371e-04,4.979924214292891227e-02,8.630124564656531036e-03,7.846492293142121521e-05,1.137846029763641548e-01,1.122390457685507395e-02,5.985844789655661753e-03,4.363844697431304431e-02,3.100441179851126400e-03,3.974528273896162436e-03,1.852096345304787006e-01,1.055547158088714910e-01,1.441132733253198683e-01,1.686485665780164400e-01,1.403529136886434991e-01,1.665749672698745021e-01,1.279403022968742532e-01,1.457858528648182384e-01,1.219575918073476095e-01,1.034471748258933566e-01,8.557393327369235136e-02,1.046221018638579109e-01,1.310535661352341952e-01,1.596692589738720998e-03,6.865766031078775981e-04,1.157759183495919719e-02,1.055840339860149735e-03,2.755413371021791374e-02,8.694200014514231632e-04,7.077526181169265136e-03,3.222769212914205691e-04,3.660683214545511753e-04,1.119920064232585773e-03,3.375576550687059418e-02,2.284696001048741024e-04,4.372208804067000305e-03
4.386733416770963873e-02,2.442119864972128944e-04,3.172936718976271386e+00,2.115598933709584295e-01,2.481717661822654131e-01,2.870474329636866773e-01,5.395788041348688682e-03,2.712500000000001021e-02,-3.114999117129939421e+01,2.007933186838978479e+00,7.535088097070559154e-01,7.633217112406315286e-01,4.713854864658789667e-01,3.266394338586872115e-01,1.878733241694156009e-01,2.203636057607032961e-01,9.986243898685850939e-02,-1.366413062438868488e-02,2.905256267546058035e-02,1.237998353124388591e-03,-1.142187724376840519e-02,2.311494836459111919e-03,6.327662880761461550e-04,3.836659178396328168e-02,1.898594715356723486e-03,1.773306512615183961e-01,1.778653972758720628e-03,2.167864426395942068e-02,3.453416410249291954e-04,4.850031911389194347e-04,1.759755130371077865e-03,2.200547442398593720e-02,5.244042764674808690e-04,5.123049171979163902e-02,7.555915509847226791e-03,5.145349707864350892e-05,1.065842822995239914e-01,7.913042335485623996e-03,4.967978574174227759e-03,6.758714509311017360e-02,5.816729895714790183e-03,2.986950786337131195e-03,2.110433831028373508e-01,1.187874554708928804e-01,1.418022132139659386e-01,1.200356171760788432e-01,1.378838144746455663e-01,9.406905159771673797e-02,1.612413319144551660e-01,1.383468955340966811e-01,1.384105945181335617e-01,1.436398305942646614e-01,1.552874164843634219e-01,1.456344592408366223e-01,9.691145131063431950e-02,2.039680539986616931e-03,3.590311620268419202e-04,1.215011133385949897e-02,1.529181752344009257e-03,4.185926585567080471e-02,1.291077869807797469e-03,2.397628752141293951e-02,2.724715701014543130e-04,2.564949572995827722e-04,1.084317898640920581e-03,3.912165116001162929e-02,3.309162174098463118e-04,5.302658438224112404e-03
4.042553191489361986e-02,2.351781072388899724e-04,3.196827186215222660e+00,2.106741656264763396e-01,2.461915666492083266e-01,2.665715242277922892e-01,3.041734917215924670e-03,2.662500000000000977e-02,-3.122898737505774847e+01,2.008480200952198480e+00,7.554355871636441178e-01,7.133327869400238885e-01,3.681573396589178371e-01,4.026548326479691409e-01,2.317353592588480282e-01,2.110361043668184666e-01,6.142779330962644391e-02,-7.099446742201262484e-02,6.448254480190190874e-02,7.136659765968687841e-02,4.260705575582551807e-02,2.634963674903853872e-03,5.765534686901546604e-04,3.418573162618522565e-02,1.877463719421615385e-03,1.962585638793730436e-01,1.706552942096838544e-03,1.196192430122215711e-02,2.221789276829378053e-04,7.345324570441003542e-04,1.228447946494789144e-03,8.641119794898417111e-03,4.517539479459727449e-04,5.363431731140903824e-02,8.014899948227965573e-03,2.677092355534680895e-05,5.036686360745992741e-02,7.767784501787715346e-03,4.437459922253163096e-03,3.553560728407387237e-02,1.295285858446016932e-03,2.880429655450727870e-03,1.344332239744966406e-01,1.158538809364626498e-01,8.881175587655953940e-02,1.234308838686565962e-01,1.536159380723647605e-01,1.137777806481356235e-01,1.557027861451489581e-01,9.055047727564452531e-02,1.602924152789823309e-01,1.204934478042258422e-01,1.300369161886223424e-01,1.281497419258659509e-01,1.249779404616243317e-01,1.813784036356476349e-03,3.268612128058205591e-04,1.023864126664285161e-02,1.451465760171443894e-03,1.048218176823245348e-02,1.152105250918185808e-03,7.127913062426926086e-03,1.375244164285415859e-04,5.251801722964048822e-04,8.524662680549439844e-04,8.721639670054634821e-03,2.763312373473459272e-04,2.790521070249199053e-03
1.586983729662077847e-01,1.034033885648039802e-02,2.922911993526036589e+00,2.496491458703640753e-01,1.744982952746405858e-01,1.258346117374544493e+00,1.055818582164838940e-02,2.112500000000000211e-01,-2.764523730861206019e+01,-5.777819949036263614e-01,5.258852377323889327e-01,1.664964227954156328e+00,-3.791850412102054646e-01,5.078759602284674823e-01,4.648737605274385620e-01,-8.507799224407962269e-02,3.016813789087334774e-01,1.452459451677626766e-02,-1.248989372452233015e-01,1.878685489968719424e-01,-2.408829200633565981e-01,5.425042315198575285e-03,7.834784375373963919e-04,1.238795795427849629e-02,1.186250458164430244e-03,4.952603726065292478e-02,1.658045902165601257e-03,5.744438870700340968e-03,7.967547154502145840e-04,2.455331415825980253e-03,4.866701299800700944e-03,1.037868314769191391e-02,1.381647331995647029e-02,1.714035821054404191e-02,6.316198308138382123e-02,1.622085248754270848e-02,4.924185607206035820e-01,3.054719582870371597e-02,3.990472889551943680e-02,4.695978769498619920e-01,8.588618714541060989e-03,8.400706815500705305e-02,1.867012167082594098e+00,1.303998869136491878e+00,3.862867702543297255e-01,4.470578249863914611e-01,4.318766852100472953e-01,3.260512738311205916e-01,2.834174125624557838e-01,1.844076116807211174e-01,2.481207198632897626e-01,2.697105970595349289e-01,2.934516990730922092e-01,2.110257008546311819e-01,1.465935602967383122e-01,4.642376922254502943e-03,6.925157333151128356e-04,1.486719358068186621e-02,2.319782237108911332e-03,6.899780974980014581e-02,1.331450864171441952e-03,5.408557649732931120e-03,1.114857184404216203e-03,2.218942463517348859e-03,5.048783271534774963e-03,1.028146887147897599e-02,1.428664042259153617e-02,1.682095164297596132e-02
1.212765957446809012e-01,4.082979411854100772e-03,2.963429628693914797e+00,2.335712195637641986e-01,1.898293052589345165e-01,8.855544193476649895e-01,1.456029580267693968e-02,1.486249999999999793e-01,-2.921312915017930933e+01,2.794517878929535515e-01,1.101687628266864838e+00,1.228418604232570210e+00,-3.112294316099383229e-01,7.227272011721936895e-01,3.671768267945446640e-01,-9.892001134787167804e-02,2.318509157735039738e-01,1.655301954543067500e-01,-3.873998291552339657e-01,3.110563547346208990e-01,-1.395883959359415227e-01,3.880851430935742218e-03,5.564634983176152414e-04,2.615844765787198739e-02,1.432701469806978893e-03,9.454977641804804267e-02,1.253608314674557918e-03,1.086310720098736422e-02,8.143667410851422161e-04,3.197010547958917086e-03,5.775559225130722646e-03,2.228050160973052071e-02,5.703545253262369379e-03,3.183651349649246204e-02,6.801294213599733129e-02,5.624336521705784221e-03,3.413604142593968382e-01,3.121244745903843307e-02,4.901646863919493363e-02,4.830593407849783083e-01,1.640413976278006641e-02,1.126595396537727750e-01,1.397689100294688069e+00,1.400902974490446873e+00,3.614033819425622740e-01,4.924127517149756716e-01,5.731924613970600380e-01,3.040088809243006174e-01,1.694776870006939606e-01,2.151567520364194852e-01,1.527044240734143354e-01,1.795741150335566916e-01,2.518167181459430859e-01,2.301264189703897123e-01,1.689117347476117303e-01,6.577960566630619045e-03,4.207841381344476213e-04,2.575384447717208106e-02,2.160560393047274153e-03,8.176581451595604788e-02,1.002619330321809785e-03,1.386741004767753221e-02,1.245232896333143321e-03,5.753630280723478346e-03,9.054329591494306509e-03,4.181411647809828852e-02,1.324675894558756742e-02,1.925654565938713161e-02
5.031289111389235236e-02,5.712824133198243261e-04,2.959568802845482072e+00,2.000440353274906824e-01,2.438380769702911677e-01,2.678971102348938205e-01,6.221342346432367533e-03,2.462500000000001146e-02,-3.075568448483185335e+01,2.035396289263932346e+00,7.246228294300420814e-01,7.060302237156469429e-01,4.673841926226655064e-01,4.623833651137063683e-01,2.771320767984060685e-01,2.185477488242876520e-01,5.415150634450214412e-02,2.478820506772280371e-02,1.783775925815346899e-02,8.406986683280426309e-02,4.227855293146787208e-02,2.398679149052720602e-03,5.883758850251705847e-04,4.207480687772817418e-02,1.602780222921043867e-03,1.609605624744141761e-01,1.935710484843264053e-03,2.687459816239923249e-02,3.860402082726616330e-04,5.906491727779777457e-04,1.847394696351957466e-03,3.437978458742493859e-02,3.419954308658778555e-04,4.756214754903061864e-02,1.261909684557444011e-02,8.313225115265503997e-04,4.068510116860903358e-01,2.229382696526601218e-02,7.001913300827801272e-03,8.009906145879561179e-02,4.588699505874802888e-03,4.349928160326328036e-03,9.425452761451903472e-01,2.404282002825952058e-01,1.492631289529850747e-01,1.031517885643084137e-01,1.600228024366119328e-01,1.874846530249800747e-01,1.398196942469892845e-01,1.238535145123944164e-01,1.425891764390112004e-01,1.310033528877294073e-01,1.112288625595287267e-01,9.268188903461868633e-02,1.232612689683177110e-01,1.874969244702322409e-03,4.011565754143150519e-04,1.414086757143215821e-02,1.067460398769303929e-03,4.234812938823965395e-02,1.344765493466577215e-03,1.827349420709063407e-02,3.339027684721828770e-04,3.369424283705383825e-04,1.959170766888337217e-03,4.371465145275068437e-02,2.301921079707924844e-04,5.881539798110978212e-03
4.493116395494368281e-02,2.346605189880108849e-04,3.203391715343292923e+00,2.141729814873412074e-01,2.480922776565092358e-01,2.839820297581667763e-01,2.241083191124194646e-03,2.725000000000000686e-02,-3.112977376618024294e+01,1.999716827703503785e+00,7.482362756887626087e-01,6.927465260938203695e-01,4.381149940916726493e-01,3.982281873181123255e-01,2.297684649684027247e-01,2.365310198302968681e-01,7.355974205541988831e-02,-6.457173655581974203e-02,1.073623362759360683e-02,3.919615762782253932e-02,2.545045177491582142e-02,2.090439661209917907e-03,7.880534930270515154e-04,3.713344617717664192e-02,1.515314317698722608e-03,1.934209129197388966e-01,1.911603093771063831e-03,1.047974086031660049e-02,2.961709229170609767e-04,5.791041952610818163e-04,1.467279222894744481e-03,1.037672226882862050e-02,3.810252957024801396e-04,5.294965658218303561e-02,1.053769705120989782e-02,2.242740741013679262e-05,5.782835660494905355e-02,1.215693274909766981e-02,5.283803273779636225e-03,3.381312680340227417e-02,5.636412727694215582e-04,1.089724735885168804e-03,1.879100669824703973e-01,1.512294485225504082e-01,1.026644675146560493e-01,1.373517782404939380e-01,1.334714913179238516e-01,1.619377899741619442e-01,1.205832561834041805e-01,1.087540221113071220e-01,9.969820279369705218e-02,9.788315823628680745e-02,8.989448069522341933e-02,8.458205329555788798e-02,1.216471366213481980e-01,1.363450782553906650e-03,5.079193542484298661e-04,9.744600325139459590e-03,7.319631579541921234e-04,1.188416949474876798e-02,1.416071165080391063e-03,5.651638606489517956e-03,1.738291874656596868e-04,4.088910311976830941e-04,8.106607692355593045e-04,1.065259741633931348e-02,2.179797564910921075e-04,3.008609035347178939e-03
4.086357947434293009e-02,1.322188681449638003e-03,2.902459744152857457e+00,1.893305079437171967e-01,2.385303647361330381e-01,2.979867516287849627e-01,1.794578671408860598e-02,4.249999999999998918e-02,-3.027086467061139885e+01,2.140796366005457418e+00,7.387957222184818873e-01,7.543768907927150824e-01,4.205743348304945006e-01,4.300738291221418708e-01,2.385686716345800651e-01,2.435288538100265632e-01,1.655716948037354863e-01,2.420132402339541730e-02,3.779902243111984972e-02,1.146551768658137932e-01,3.335492036641177910e-02,3.035126327234404908e-03,3.667808705721946642e-04,3.921293940996058158e-02,1.598991288312971064e-03,1.278072489875837214e-01,1.371183295739806553e-03,3.411349371123391372e-02,2.107623193928869745e-04,5.992576513173152519e-04,2.898195909294889495e-03,7.087438037645617250e-02,4.998033695429912040e-04,4.937967398018303783e-02,1.546214052662555835e-02,2.315213269330100750e-03,3.691896424489607420e-01,4.228271257453995041e-02,1.498341889897100362e-02,3.732463568764545214e-01,1.639470839808561051e-02,8.275717491553226390e-02,1.174650776738733748e+00,4.114390904156037809e-01,2.254002407353974113e-01,1.587135034831871627e-01,1.448772378918175285e-01,1.179762747687523178e-01,1.400986678143984754e-01,1.105884983420997031e-01,1.518129556851617046e-01,1.987400287473500005e-01,1.156640408157339900e-01,1.023375269456026221e-01,1.060709092469785259e-01,3.769522375181981813e-03,1.948950351439843176e-04,2.129282230120769365e-02,1.192001415784047424e-03,7.716515911651385118e-02,1.049221395666480837e-03,3.076570762118540844e-02,1.960691173999026750e-04,5.014253023549669142e-04,3.917087370185297866e-03,7.519425251942751798e-02,4.446800058166666247e-04,9.543795518458506044e-03
4.117647058823530049e-02,4.018698935684684699e-04,3.102828987711451880e+00,2.058034310435751801e-01,2.438814664175054381e-01,2.814773253084059679e-01,6.210876988065772153e-03,2.650000000000000619e-02,-3.086260632454639818e+01,2.036651982374006575e+00,7.103919422524015426e-01,7.850985287569163251e-01,4.681724624483364350e-01,3.818906386773082695e-01,1.997368556753167379e-01,2.218543698476821147e-01,1.020758868279746795e-01,-4.479719781662313410e-02,-6.453624616845847657e-03,7.586213229661306623e-02,-2.367537679900492270e-02,2.587868640962672807e-03,6.800239770847933685e-04,4.087263766505878221e-02,1.801992714200640125e-03,1.696559145135837221e-01,2.216916346678615701e-03,2.073290674358483146e-02,2.153458445230856111e-04,6.716741295905210738e-04,2.573154802346932623e-03,2.725721631634477407e-02,4.488113190898003957e-04,5.094096749201494634e-02,1.044062840449268455e-02,5.120322323754789321e-04,2.314077427436277978e-01,2.264519310062054758e-02,7.110507684767784428e-03,5.123222553216058572e-02,6.830403338142032252e-03,2.549509756796392631e-03,7.986522376720065486e-01,2.299630931847789217e-01,1.762625723811280520e-01,2.362866035567616207e-01,1.673285729230862551e-01,1.405792270580565606e-01,9.179189212945906839e-02,1.048632906252406766e-01,1.158641719023014577e-01,1.245116362493507434e-01,7.129992402851292876e-02,1.513931340379308099e-01,1.225206968597637586e-01,1.509184259885658569e-03,3.867338941859161739e-04,1.960053035165429738e-02,1.294162306050861480e-03,5.154590110162111938e-02,1.379870235900864653e-03,2.586541223374207860e-02,1.229067647595712544e-04,4.420990940890071985e-04,3.473996798391462346e-03,4.670010289845435286e-02,3.135618200381800626e-04,5.007428077610944113e-03
8.610763454317897636e-02,2.370732482391381141e-03,3.094538247571950951e+00,2.318082655444156648e-01,2.281397658090751901e-01,5.882822310759026063e-01,3.611216836676164974e-03,9.650000000000000244e-02,-3.016725605073066774e+01,1.370111781655408034e+00,8.229385109592055603e-01,6.759851907591941655e-01,3.037531356657501846e-01,3.412010478551101844e-01,1.686960455246960811e-01,2.468709380020083499e-01,5.019635353382299187e-02,-2.440938033735690418e-02,5.991121632168976141e-02,1.017547249558495154e-01,-4.403016862392541281e-02,1.709511121029423609e-03,6.816572422300838738e-04,3.143075709303855964e-02,2.495268264731244443e-03,1.583473450803180305e-01,2.723317964566207127e-03,1.170322209207793999e-02,5.259414948537396214e-04,7.830902412810543389e-04,1.472870707828187811e-03,6.314425075277528381e-03,1.488679645589768407e-03,4.339559504369086551e-02,8.586917968007229396e-02,5.548412947251207122e-03,3.328598846493440733e-01,3.820929729333879393e-02,4.035872262376534458e-02,6.297375538282099505e-01,4.603551672488616006e-03,1.380973388592263984e-01,2.185883245642226136e+00,1.428419214337747656e+00,2.593447837315662197e-01,1.936456083064025113e-01,2.370530801278568633e-01,1.318861768891103070e-01,1.812737180299235640e-01,1.730484017652956230e-01,1.401048386055135930e-01,1.136677161747309817e-01,1.345922292761096151e-01,2.314202499907903054e-01,1.245828058759904239e-01,9.409253779322680625e-04,5.454563586867014783e-04,1.506918978468955138e-02,2.057293186858169531e-03,6.932461697827635438e-02,1.961579514427921455e-03,7.149294266266736572e-03,6.384473354947729079e-04,4.269574541480243069e-04,8.497086794573439211e-04,4.169091559603368621e-03,3.036841211497544497e-03,1.869466186951864242e-02
1.694618272841051376e-01,1.166415007711998214e-03,3.088881617230092580e+00,2.559553601201400297e-01,1.861164289985575981e-01,1.491760771378685124e+00,8.138975401930582249e-03,2.817500000000000004e-01,-2.887487221456974495e+01,2.627898600086019387e-01,1.243938196463547419e+00,6.882323003178143495e-01,-9.367839835064342702e-02,3.331994422072560025e-01,4.551832493926363798e-01,-6.750801828231468849e-02,2.617779403115972348e-01,9.891620939830522707e-02,-1.971835952468724007e-01,3.533411957147571947e-01,-2.117724064972458797e-01,2.019712576388787290e-03,8.820143827476967929e-04,1.619797787299416536e-02,1.761280857438330240e-03,8.845012422067309588e-02,2.764406165393874879e-03,4.793275174336383490e-03,1.108715507870414478e-03,2.828859940983645578e-03,6.726290184283783766e-03,5.416140540675329004e-03,1.626161827230496442e-03,2.413211405305176402e-02,6.849545962547100297e-02,1.417496514394343821e-03,2.895753230125572841e-01,2.515169671183868985e-02,2.929262570035102986e-02,5.401784779907442546e-01,9.854130686789766558e-03,1.120577418119783342e-01,1.317006988871557205e+00,6.924688248126892320e-01,5.288044086367392760e-01,2.938262616171841701e-01,2.821713222623239981e-01,2.962206373597358611e-01,2.768604104188037707e-01,1.903128145306670072e-01,2.873710419607291011e-01,2.651315091305364025e-01,3.017743304891109535e-01,2.393195732011009214e-01,1.751982729810145079e-01,2.039558600472857978e-03,1.262885191291790183e-03,1.135650556984026116e-02,1.207691061978306054e-03,5.899960998885512425e-02,3.123094708664024034e-03,3.212513274916840335e-03,1.573471086412632156e-03,3.629617658406642921e-03,8.745485404504467139e-03,3.157325801163831346e-03,2.432673680171407692e-03,1.597494626506405779e-02
6.846057571964954402e-02,6.742693558421639132e-04,3.013050591303188863e+00,2.232096664038030198e-01,2.244891882113815296e-01,6.585210638909060332e-01,1.041981463849286048e-02,8.287500000000001810e-02,-3.017606710092588429e+01,1.322077538055812962e+00,6.340699709675515772e-01,9.619458094150588057e-01,5.132741864220746741e-02,3.909108466974848817e-01,4.699785083755211867e-01,-3.061563450867219732e-02,2.961317092195284162e-01,-1.069008973676841348e-02,-1.731276010565546974e-01,2.017119555925464824e-01,-5.997710791711007017e-02,1.337544511819745846e-03,7.237162360999526388e-04,2.939623559429904720e-02,1.315962175376837349e-03,1.523922055004744702e-01,1.325463579388782426e-03,9.815092497934073401e-03,5.298836052150075401e-04,5.877918424381539664e-03,3.628541446156303193e-03,6.351944677775315032e-03,1.888693280841154034e-03,4.278529826223860522e-02,3.636887813130787461e-02,1.087970434580129214e-03,3.919411444463216654e-01,1.112875788890283109e-02,3.054455393224087337e-02,4.710326069221305589e-01,1.178762197308479663e-02,8.077466728498483572e-02,1.338667401559179737e+00,7.309907630285548130e-01,3.220475024387323693e-01,2.758881035542204430e-01,4.203799233980512473e-01,1.907923819404196697e-01,2.484402224265889469e-01,2.239972569568146610e-01,2.034374734303502907e-01,1.943944722645137568e-01,2.603918845144950756e-01,1.575799841558920000e-01,2.113429044656904843e-01,9.088351211397308234e-04,5.079976903840562876e-04,1.459912144578836765e-02,8.107058102762596061e-04,6.677793217609741261e-02,8.303717657149904327e-04,7.612909081012670699e-03,6.157596036113736774e-04,1.665552074865030152e-02,5.400261060449899377e-03,6.842796913085257525e-03,2.860550774678264577e-03,1.633580393161085387e-02
5.682102628285357060e-02,5.108964366182726195e-04,3.066437722737366478e+00,2.070081734251711103e-01,2.335979196457145246e-01,4.391672681628253083e-01,9.286401783281281533e-03,5.587500000000000799e-02,-3.057281111593771783e+01,1.743706918982255827e+00,8.920616549831541509e-01,7.297935047776165085e-01,3.319716068971735878e-01,5.204791632343097607e-01,2.679359780647361244e-01,1.640395354028889308e-01,1.320721344472523262e-01,-1.362065134251889617e-02,-7.689794867653354342e-03,1.352538840511119111e-01,-3.306113560997440970e-02,2.191634078241452843e-03,4.511964926618615640e-04,4.841213164238458017e-02,1.282273716544274226e-03,1.507811735790923202e-01,1.497847303452925615e-03,2.090380813390498721e-02,3.286425665247590458e-04,7.337936447566653208e-04,2.506192872254501235e-03,3.179139884487455076e-02,8.459106349129822799e-04,4.799813765853143399e-02,4.134976524900774164e-02,5.562177648995153805e-04,2.343483748964331204e-01,2.713949010543032989e-02,2.256449467137961948e-02,4.590396976360749393e-01,1.071781325377219388e-02,8.704982409516978659e-02,8.493375547929146174e-01,7.157644431131022777e-01,3.297673454122158621e-01,1.564954220390565587e-01,2.091740139100236873e-01,1.736247001739384399e-01,1.297463595918061652e-01,1.691021574950211104e-01,1.497863127223200419e-01,1.142249688439552352e-01,1.126406643034447153e-01,2.088673666474425150e-01,1.465300596912478270e-01,1.675662364441026040e-03,2.499244997556218152e-04,2.671981232365076842e-02,9.248024491686754117e-04,5.942417963815484899e-02,1.262248361299556781e-03,2.048648381943552962e-02,3.108549992985312413e-04,6.427971951937565221e-04,2.846510795906364265e-03,5.752162114714547830e-02,1.759638462436250101e-03,9.202232431528938744e-03
4.436795994993741887e-02,2.332521546658934913e-04,3.178946605237535916e+00,2.128682485687316550e-01,2.473703522972504343e-01,2.776939609443310752e-01,3.702317547296542829e-03,2.725000000000000686e-02,-3.119520720783475554e+01,2.058909285388964339e+00,7.407448423138527360e-01,6.973393690913988197e-01,4.166304799918111312e-01,4.031077566228993270e-01,2.658966486786666916e-01,2.073120654334036916e-01,2.175468476542703755e-02,-2.093281868988625810e-02,5.344965955695048926e-02,3.172905039813203598e-02,-2.488022023488292017e-02,2.392813738188168723e-03,5.219332614845083405e-04,3.782898272743524803e-02,1.358945931997472979e-03,1.891872993343912124e-01,2.471212691132301971e-03,1.020786767015794891e-02,3.947423042410721779e-04,6.058834615892940085e-04,1.981332080941348821e-03,1.326767950185163761e-02,4.646427625201042695e-04,5.256347976398920846e-02,9.945607168495461045e-03,7.259918946403461754e-05,8.064637023099527346e-02,1.003554975117662736e-02,3.796117734487717502e-03,5.000362778759804422e-02,4.359873268421824918e-03,3.250000000000001586e-03,2.286603299299373449e-01,1.073881261158685374e-01,1.369581368673772059e-01,1.051606649955219713e-01,1.242360758057534376e-01,1.071456267826117609e-01,1.336748589706693580e-01,1.306862579134285551e-01,1.164862267917747135e-01,1.136477234118034724e-01,9.962400233083855416e-02,1.338368897143773772e-01,1.027010781143756074e-01,2.074651881180501235e-03,2.557946121120660554e-04,7.889802616511449110e-03,7.402809616840702210e-04,2.066885731587208425e-02,1.922613328464596334e-03,7.172192241667209658e-03,2.606190932817023694e-04,2.833417245728815626e-04,1.884381997678228520e-03,2.972565906820026638e-02,3.649904440890827141e-04,3.349918178407966258e-03
4.161451814768461765e-02,2.134949399648412047e-04,3.204260361131083812e+00,2.141038457782708238e-01,2.481171817493550424e-01,2.814780624828938649e-01,2.146945193790974950e-03,2.750000000000000708e-02,-3.125052530343522861e+01,2.050895551964190489e+00,7.318267517800287614e-01,7.131687466515591600e-01,4.144180762809302476e-01,4.056562165336106141e-01,2.134732857257361227e-01,1.810289825161023880e-01,5.399490479828420592e-02,-5.684723215980863609e-02,1.313222638398229766e-02,-1.726226590523202015e-02,-1.802982786116441583e-02,2.383360070174123622e-03,6.053785807863071257e-04,3.986225013342993562e-02,1.692380155102844686e-03,1.936684244327178672e-01,2.017819984263909214e-03,1.276379813945913676e-02,3.354382781381283290e-04,5.066108959465624945e-04,1.531877830974788610e-03,4.368549103892098266e-03,4.827869422769076190e-04,5.306015929057934788e-02,9.604279258318819748e-03,2.105415385361095147e-05,4.296653020257341915e-02,5.928126461349685593e-03,3.496145011983370875e-03,3.507442026644039951e-02,5.781139885794666592e-04,6.938893903907228378e-18,1.238917153298462054e-01,1.040607677527804059e-01,1.250681155018241453e-01,1.344447895988866715e-01,1.397230831756376135e-01,1.367277708432156069e-01,9.392586084703481719e-02,8.869469629600394700e-02,1.320928179967174876e-01,1.051392461129242728e-01,1.199094087121413688e-01,1.219473973591809896e-01,1.139832560104705322e-01,1.145752156367226557e-03,3.186204640104512461e-04,8.774531918586946436e-03,1.036517632145830077e-03,7.712858505787558057e-03,1.229493926131218495e-03,5.366734357913903984e-03,2.486873449728466069e-04,2.714630760259548452e-04,7.014756158165086960e-04,3.162003851850309077e-03,3.040267821696580820e-04,1.934907004879480317e-03
4.430538172715895590e-02,2.236447822190792251e-04,3.165963571126753973e+00,2.121482350820760865e-01,2.471235398077243350e-01,2.868178012010419997e-01,3.090627792376847600e-03,2.787500000000000394e-02,-3.118016901162027921e+01,2.002153623732895404e+00,7.491077654517630524e-01,6.985867698583717589e-01,4.153302731455006946e-01,4.261659617534269695e-01,2.328754104997481367e-01,1.831557208288062677e-01,-1.894894010735208995e-02,-1.225375226254005884e-02,5.506761365363529309e-02,5.470519807154894214e-03,3.991787091947509442e-02,2.489238031617491999e-03,5.880580125755787346e-04,4.143785945394908715e-02,1.512604265517262115e-03,1.867306606733925289e-01,1.872381581765529632e-03,1.476767998496108028e-02,3.857419019258942591e-04,7.810163984155870254e-04,1.518641650791592536e-03,1.200961481491894141e-02,4.381211942163660005e-04,5.143015287901127330e-02,9.019951312504256857e-03,1.965269529045928876e-05,9.981426501470967716e-02,1.402132183079947067e-02,6.607860849289001227e-03,6.738813220455894260e-02,1.762796524123285856e-03,1.634587103827753532e-03,2.092026161199968537e-01,1.427407759806131327e-01,1.239369660107906140e-01,1.689431026352671006e-01,1.499580353292055135e-01,1.233151909582274330e-01,1.407220336165546648e-01,1.525040509268784095e-01,1.112364280318900861e-01,1.379473000818790540e-01,1.343222121952825365e-01,1.464850547072885090e-01,1.149846216702750251e-01,2.082000018444278306e-03,2.988933168862195210e-04,1.046154062980001603e-02,8.507302799462702209e-04,2.206114677286261441e-02,1.181133625367988957e-03,1.115514070454780814e-02,2.523857153586752267e-04,7.679734454368459650e-04,1.018912301569528320e-03,1.558516731729981536e-02,2.663102306082413954e-04,5.429309221418067259e-03
8.022528160200249892e-02,1.875857486991124815e-03,3.116166651021919698e+00,2.285872495808726479e-01,2.264586540487212307e-01,5.250196784761922419e-01,4.773920917445315971e-03,9.687500000000001665e-02,-3.036726332536034789e+01,1.353206075651536944e+00,9.025614779999390214e-01,7.100140986552998523e-01,2.456823040464009844e-01,3.238922416733280851e-01,2.735472872702566227e-01,2.147230090922771506e-01,1.242437345167599627e-01,1.759461249333994781e-02,-1.492267970331948891e-02,4.626744001076251583e-02,-4.095143420963943959e-02,2.534644763161146650e-03,6.653523042769401465e-04,3.244727978420498815e-02,1.427863802033520896e-03,1.587153932370444220e-01,2.189253457996748978e-03,1.037188209897136823e-02,2.151904028072736900e-03,1.159275252677811809e-03,1.420520208636212025e-03,4.346103743849638601e-03,9.533393503520576828e-04,4.373909462165669060e-02,8.452360653853220607e-02,4.965173862489600382e-03,3.096624524115096366e-01,3.855699343795258166e-02,4.052642199630774461e-02,5.112136399049123092e-01,7.454627806106490714e-03,1.391444281133815408e-01,1.816064001922085502e+00,1.452622919212745556e+00,4.440589231359995948e-01,2.082507596056710764e-01,3.342790105949813850e-01,2.744140807115936775e-01,2.137841884941064918e-01,2.204962594310919122e-01,1.645673891698761493e-01,1.944136714697949631e-01,1.138085073664036467e-01,2.169117416424950207e-01,1.351311659995237391e-01,1.744573067030837825e-03,4.216544671518288696e-04,1.533671857199174829e-02,1.038850547502613358e-03,7.410450178817497291e-02,1.213503456828940019e-03,5.133702575255656014e-03,6.682699175100237539e-03,1.096460036576058861e-03,1.001263018675797953e-03,3.139462090452719081e-03,1.320754896202112026e-03,1.973838805668338275e-02
1.468710888610763321e-01,1.156625880833245636e-03,3.098813103490338783e+00,2.524892967273185684e-01,1.959022967627883083e-01,1.440647586360921384e+00,6.686962739612595415e-03,2.742499999999999938e-01,-2.915315082054171469e+01,5.425939729572933912e-01,7.816182877970463405e-01,9.047852930480859701e-01,1.854138250338879801e-01,8.136466526619449968e-02,5.252087031179420995e-01,2.279589091679863622e-02,1.598297448544292176e-01,2.670587048121645934e-01,-3.074096248745002424e-01,3.078752975689904026e-01,-2.574766704139584417e-01,2.185939434349937118e-03,9.321451417281356299e-04,2.315152764919890457e-02,2.718006122809132463e-03,1.063130843464083625e-01,1.720540597498581431e-03,8.500777946151030079e-03,1.347696616145841386e-03,4.672600263990992972e-03,5.972795550702353004e-03,6.936303232259297298e-03,1.789311646584714182e-03,2.957329944910232558e-02,7.253706854596475573e-02,2.522115353324757159e-03,3.166061944742509238e-01,4.368538155181272975e-02,2.742579417893335064e-02,4.990462914112995252e-01,3.899998438812351479e-03,1.250552377951439642e-01,7.126588992349482954e-01,7.328294715647278856e-01,5.386403627445461861e-01,5.331851209001763348e-01,4.573989122965954057e-01,2.503717106359492073e-01,2.887557110607317234e-01,3.842591895395142676e-01,1.970991685559860263e-01,3.089484997394127408e-01,2.374544756446723692e-01,2.138725359947215021e-01,2.217487104527718356e-01,1.393640834963565979e-03,7.583684231381378508e-04,1.123012161764065479e-02,2.504549957335981333e-03,4.928749899119556216e-02,1.191382311473163395e-03,5.655767034081372185e-03,7.361324878328097572e-04,6.994823852981620939e-03,7.057741321204382724e-03,8.455101146962455683e-03,1.155679892684618884e-03,1.221693473830876529e-02
1.380475594493116576e-01,2.876674423103835459e-03,2.916089623620656823e+00,2.406016681081907804e-01,2.024278005579661921e-01,1.020595317444762840e+00,9.457267993483394614e-03,1.970000000000000084e-01,-2.896831614952272460e+01,6.735753290841489660e-01,1.069336199590043446e+00,7.497394312154024298e-01,4.230308331500093888e-01,1.253891695615171609e-01,4.091303464439467463e-01,1.742345850137231866e-01,1.891357166887183139e-01,2.361401928936369410e-01,-1.439754306661074901e-01,2.598739208738366502e-01,-1.546536649047750012e-01,1.933922341781332431e-03,8.931534782768459080e-04,3.817596848495522638e-02,3.588348870961934837e-03,9.076372114669552238e-02,1.870703444872157811e-03,1.767042535286927896e-02,2.239607866118398585e-03,1.942836002466456161e-03,3.899741637657565176e-03,3.250943294262038930e-02,1.294866602240635602e-03,3.099709170214460380e-02,1.084523028894878172e-01,5.276259408323235624e-03,3.757218287412566471e-01,6.141970423982009292e-02,3.697949211586198937e-02,7.379932009553498151e-01,8.121752755666431650e-03,1.798256099669899577e-01,1.480133498324467389e+00,1.316847717470470691e+00,5.858526117691295054e-01,2.702831025263306430e-01,4.261642704501901746e-01,3.514740403932539170e-01,3.055924267240843206e-01,4.292280282896345223e-01,2.498555623542619286e-01,2.145377056360828483e-01,2.163927796951721494e-01,2.167344683167522212e-01,2.608189740718530603e-01,1.725103113174196977e-03,1.163482986609624048e-03,3.335242577238326650e-02,6.247190425977877659e-03,6.574755678444314799e-02,1.510521820178805860e-03,2.083133846285889143e-02,5.467530188271906705e-03,2.880542729219560862e-03,4.790472774261647464e-03,4.845706394022231134e-02,1.733411927791840123e-03,1.785893123208528999e-02
3.923654568210262206e-02,2.164011789346882101e-04,3.215026214445992458e+00,2.118319640927230074e-01,2.467492229092604350e-01,2.703505819585824699e-01,3.029113931739651523e-03,2.750000000000000708e-02,-3.124762988366121164e+01,2.087436065368872384e+00,6.773809434269904006e-01,6.422121258203339345e-01,4.218344059534290258e-01,3.922146002044611945e-01,1.954646992127251903e-01,8.256788580466059568e-02,4.827057794762616705e-02,1.000529431736124283e-02,9.969532234893715983e-02,5.385962619391365669e-02,-1.553789278430052836e-02,2.683887527164848050e-03,6.763680955541772006e-04,3.643550384383971441e-02,1.819154176811762407e-03,1.977144533357270972e-01,1.891856740333946628e-03,9.452176731892488956e-03,4.496639189007101828e-04,8.460557031317701097e-04,1.258974998415387635e-03,5.057710048917806421e-03,4.305145947836456805e-04,5.405186311906471502e-02,7.553842129686122800e-03,1.689271673036119812e-05,4.883622633975259059e-02,7.674811745637963832e-03,4.806982410314021049e-03,3.038209532888630840e-02,2.359398326929793531e-03,6.938893903907228378e-18,1.279588367660381421e-01,1.177410451408458375e-01,1.471356205936436568e-01,1.396632392989732852e-01,1.584164458418440002e-01,1.281952533499466640e-01,1.085648072958579485e-01,1.188846221625399352e-01,8.641699002713673639e-02,8.860759150858522892e-02,1.126446940993880708e-01,1.631806492383151286e-01,1.066242335065017144e-01,2.011461126349365844e-03,5.988151710544947250e-04,6.463049063955371605e-03,1.338247697686168695e-03,7.227806651727089644e-03,9.650674444501530129e-04,4.706978450347379730e-03,2.914311007460392055e-04,3.672208073606650011e-04,5.476764818376045167e-04,3.007060553172489353e-03,3.209709425834221877e-04,1.950905828961348957e-03
3.573216520650813327e-02,6.004902143609404212e-04,2.997862526486714696e+00,1.956621588106998155e-01,2.451022085316002241e-01,2.257565826932278752e-01,1.419758908159758637e-02,2.450000000000000788e-02,-3.070395425538550782e+01,2.186801603873674171e+00,7.739956844504490840e-01,7.983858780373198627e-01,4.335911312782455562e-01,3.858381057493540101e-01,2.471695455678695752e-01,2.393985016218795059e-01,1.284904655377671623e-01,2.598009748373354341e-02,6.313920180217039158e-02,7.344964767525548333e-02,-1.504991587341104886e-02,3.104490159638508689e-03,5.495424304605755822e-04,4.870240467378558757e-02,1.595277774429560173e-03,1.464581201224276763e-01,1.225572125708003111e-03,2.661116272067500649e-02,2.951805595908636943e-04,4.799527620576094682e-04,3.246071575434474055e-03,4.946882663504818811e-02,3.394766487968130545e-04,4.940952429043539429e-02,1.049729868930247487e-02,5.993746633120285248e-04,2.857305195251433338e-01,2.509488849858255641e-02,1.258412510289517311e-02,7.285920776934959320e-02,1.376185027982103695e-02,5.947688626685159949e-03,8.516464044248971410e-01,1.995465961489327478e-01,1.749652651338766685e-01,1.883684876752022008e-01,1.508919486979442282e-01,7.218985726574880801e-02,1.082665539410382766e-01,1.414426691715549855e-01,1.768125519069121687e-01,1.493728905281278829e-01,1.475029501150303679e-01,1.308285939255889874e-01,9.612638573906003014e-02,3.027827676720716652e-03,4.057328032656575597e-04,2.981565232636769480e-02,1.183763479290093727e-03,6.781720025061704904e-02,7.435477326304731080e-04,1.922306946097427499e-02,2.505549601493502719e-04,3.570324322057767761e-04,4.082657952180606016e-03,5.996709891505019874e-02,2.045407223710932166e-04,6.431374581917518631e-03
3.967459324155194617e-02,2.584738828302487958e-04,3.158052259754041913e+00,2.054495357870308181e-01,2.443939211310111881e-01,2.566803614060670924e-01,5.144361522333043210e-03,2.675000000000000641e-02,-3.116648704959994376e+01,2.065797087396878506e+00,7.709586511833597111e-01,7.061913257777687747e-01,4.065973454428873923e-01,3.721735349001643600e-01,2.074927158940414740e-01,1.717056821788986443e-01,1.236179426625670930e-01,1.244584400444936033e-02,5.713183947405790775e-02,4.919217686160459735e-02,-4.269926351828138428e-02,2.390352058461801474e-03,6.893246219060041816e-04,4.061112669988842239e-02,1.362344061102907598e-03,1.849646078965350160e-01,1.386674187929269001e-03,1.841008498872605953e-02,2.773581577231503596e-04,4.818970847038013300e-04,2.078567219944950622e-03,1.421770776207727585e-02,5.049340728808241656e-04,5.186742639552249790e-02,8.973813151561127119e-03,7.891128402312851998e-05,9.698700560936909798e-02,1.440917613419889776e-02,5.173162361716383655e-03,3.805797449147637485e-02,5.734850527772721029e-03,2.750000000000000274e-03,1.947767458074009250e-01,1.109772632121947544e-01,1.116205864456481650e-01,1.097365079752826850e-01,1.080549109279860670e-01,8.819300431589903455e-02,1.109137777119938439e-01,1.214428952713835358e-01,1.195162030264921016e-01,9.973323852150191293e-02,1.483404250885753395e-01,1.156426304526100290e-01,1.039775285658032095e-01,2.128407237790944182e-03,4.143553852635691883e-04,1.465606381387994650e-02,9.560168330215113247e-04,3.037236199346136922e-02,9.185427638484796415e-04,1.271391294289340480e-02,1.745311380293695230e-04,2.601909831519825015e-04,2.229204588330523876e-03,2.720618656296529270e-02,3.676794320393298094e-04,4.119740585107604068e-03
3.929912390488109197e-02,4.001394067331271983e-04,3.059662687977212858e+00,1.919524286741635943e-01,2.405703441286147215e-01,2.114437631961224306e-01,1.527569859836117386e-02,2.412500000000001102e-02,-3.110326030706490386e+01,2.181725507057743485e+00,7.840058473281001916e-01,6.994650637979146213e-01,3.901640818918075126e-01,4.102193025739494514e-01,2.620192555496602682e-01,2.219076024742415443e-01,1.369702366426452378e-01,6.071247711058780534e-03,1.817058604371871167e-02,-5.344476919737668752e-03,-1.555988587998441072e-02,2.610279932986189679e-03,6.233634681662342291e-04,4.950447973879294750e-02,1.399992348582156706e-03,1.565436629268700253e-01,1.876851860143808736e-03,2.630745954528055514e-02,2.618378415137724092e-04,3.509110266280518974e-04,1.643989337779208680e-03,4.024384505172488163e-02,5.888037496760058914e-04,5.127559164956659032e-02,7.565497501730868678e-03,3.205236231464827319e-04,2.250001526754213943e-01,2.878309080627066210e-02,1.186253400048252298e-02,6.965615773616827544e-02,1.909099494053896270e-02,5.377906191074737635e-03,2.642950516778425629e-01,1.392343410809452064e-01,1.308856763088366015e-01,1.495169015966419102e-01,1.578080836691534983e-01,1.641784138967764817e-01,1.464753607390951173e-01,1.339119645547419413e-01,1.367929119772561819e-01,9.447652165984926631e-02,1.277755827556713852e-01,1.291368203919531499e-01,9.489404924662410423e-02,1.962742249055800681e-03,3.880430387671594838e-04,2.728070738937362141e-02,1.300652559773711340e-03,6.517813830184339408e-02,1.373810452586812694e-03,2.999714066604020762e-02,1.646085949152178442e-04,2.035308655528626711e-04,1.473506242448028311e-03,5.964445590170436989e-02,5.405730537016638056e-04,6.293521039390809028e-03
3.717146433041301073e-02,5.051020718409546294e-04,3.062475529634132165e+00,1.953895470974241211e-01,2.427255875936073226e-01,2.218947490668314870e-01,9.805001832405931331e-03,2.450000000000001135e-02,-3.099682371578735385e+01,2.156630204803169359e+00,7.991334331295593119e-01,7.774754187998603738e-01,4.429319907948683910e-01,3.394851616464094057e-01,2.052384318374440020e-01,1.945383632894497339e-01,1.237968448206064193e-01,7.042534100835474986e-02,6.677680449672650231e-02,-7.185410298639476902e-05,-1.367641822001080046e-02,2.398170433707615644e-03,5.546915360825355190e-04,4.563132519632535217e-02,1.642998123692053242e-03,1.579031011544824170e-01,1.247743668582963674e-03,2.202739041344810994e-02,2.493042762947445673e-04,6.101788459459201504e-04,1.967078648152704827e-03,4.264210335349269410e-02,4.271408528992153984e-04,5.160242743417829681e-02,7.837032392717531090e-03,5.933218380890384423e-04,2.696626882245183876e-01,2.834581937562018553e-02,1.317424153182961827e-02,6.740815443286013453e-02,1.270415001988210897e-02,5.338539126015653426e-03,4.928336286626378016e-01,2.063833186475744763e-01,1.503716515932993769e-01,1.729728944149407643e-01,1.532626946877390928e-01,1.173174802274853101e-01,1.299803987151029738e-01,1.223384141225754701e-01,1.140105129033298498e-01,1.241385640199433871e-01,9.672839332596315509e-02,1.127194767237471723e-01,9.407972839648874597e-02,1.319891163869241863e-03,4.662682876917556606e-04,2.320816047649650049e-02,1.008282860696740760e-03,6.486146151918914526e-02,9.320196989279420745e-04,1.965456320770575180e-02,1.796567196745456406e-04,4.512091631084939381e-04,2.746944051168772206e-03,6.721449177385027673e-02,3.392058850212001267e-04,6.880265883365884773e-03
4.311639549436795810e-02,2.208831220097417255e-04,3.195437837638791301e+00,2.096467470439035696e-01,2.464457257577520877e-01,2.625771413900139795e-01,2.207827254256464720e-03,2.750000000000000708e-02,-3.122865593135590601e+01,2.109139785504169140e+00,6.970062710798570205e-01,7.068353545004881777e-01,4.235771917884935678e-01,3.310581987130561954e-01,1.467650983513585083e-01,1.559453803592359966e-01,8.561950804139180360e-02,2.157556880123705570e-02,1.010860897696755495e-01,2.812862370536301643e-02,-2.523802318379740964e-02,2.937174298779490593e-03,5.532422444266188238e-04,3.849727121453890705e-02,1.423422112976815111e-03,1.959935374103247696e-01,1.881035738865230152e-03,1.112626462040982277e-02,3.807634153540304664e-04,6.873998591359624551e-04,1.828979399252257665e-03,4.372421668214998558e-03,5.895940702780155373e-04,5.364794462196902092e-02,8.115650021781450202e-03,2.112840231515271077e-05,4.365697356929632705e-02,6.463546648262808586e-03,4.439083299853915053e-03,3.048247252715296715e-02,5.579013286878036154e-04,6.938893903907228378e-18,1.462338436760636795e-01,1.190008316578030217e-01,9.387812035338458094e-02,1.329217741334192404e-01,1.106602488321534322e-01,1.450686791712766099e-01,1.294127759314452897e-01,1.148886590198538449e-01,1.092211711828166287e-01,1.090237164581702445e-01,1.228527183404534290e-01,1.283448577932658485e-01,1.482974407472815725e-01,1.545328780828786070e-03,2.626877475230513263e-04,6.782491334494622839e-03,8.069568082993704193e-04,6.135773814665159732e-03,1.065413926672476681e-03,7.956529816683642967e-03,3.118238737622314855e-04,4.220201196806178481e-04,1.533724643122734519e-03,2.129150005520495745e-03,5.265098720566854188e-04,1.644038505526495240e-03
3.854818523153942522e-02,2.379122411779004131e-04,3.217880354731087245e+00,2.063178842704207483e-01,2.450791844381235429e-01,2.425957462263810815e-01,2.249540875731701958e-03,2.750000000000000708e-02,-3.131927997803331465e+01,2.071895176967557095e+00,7.700437376582567328e-01,7.297281350106781250e-01,4.381106723991070595e-01,3.554078078652267436e-01,2.047077044405460067e-01,2.128317259155327046e-01,2.703346294538004277e-02,-3.612947880807346884e-02,8.892913283260721335e-02,2.629603476083221952e-02,1.616267209410124014e-02,2.927956417305640786e-03,5.514449792432271971e-04,3.703437243199029366e-02,1.632857828173761919e-03,1.983383706325034246e-01,1.935098149245859057e-03,1.126397250928006487e-02,2.652758905654386515e-04,5.169965764983805358e-04,1.135779378541059131e-03,4.965825358476219295e-03,6.029811091264562902e-04,5.426833702020587846e-02,8.530860169187470810e-03,1.779369162178248944e-05,3.159522609469569282e-02,7.581400250168499055e-03,4.841236025984351453e-03,1.821764812415533827e-02,5.738921987858128975e-04,6.938893903907228378e-18,1.718197345357104222e-01,1.157687942592519198e-01,1.533581298421077266e-01,1.360877441654073927e-01,1.110310229726355902e-01,9.450836071831816843e-02,1.262174436659119769e-01,1.069841101161511238e-01,8.753634851850065901e-02,1.059974236400654246e-01,1.442657258759699745e-01,1.286189684349626217e-01,1.620052802051359375e-01,1.664032795473357074e-03,2.925027616173336929e-04,9.165399631743445172e-03,1.136275850915162075e-03,7.218670826953533376e-03,1.146332417729515598e-03,5.861404142729564025e-03,1.751447371571234987e-04,2.405563110804281868e-04,6.444659737822285624e-04,3.478243270604731117e-03,6.684337813252758153e-04,1.832960827769420081e-03
4.111389236545680281e-02,2.301141703142489095e-04,3.226907120403566864e+00,2.098125460444732193e-01,2.466087778370630590e-01,2.525894749222818980e-01,2.304460721643344402e-03,2.750000000000000708e-02,-3.127909402035036734e+01,2.104716285877800352e+00,7.413272527600620609e-01,7.075345529546505086e-01,4.103459912014447708e-01,3.967455984702711880e-01,2.065151511900768511e-01,2.127042277216599775e-01,6.969148042547287925e-02,-4.291931988849648910e-02,6.958655946492529887e-02,-4.525730177155371479e-03,-9.042061726380643677e-03,2.128036118113370463e-03,6.188228902547964145e-04,3.988992918668911314e-02,1.358004772150453714e-03,1.976072561479078060e-01,1.500331580886455187e-03,9.200448827996287812e-03,3.068496443383605422e-04,6.617177195170437448e-04,1.527140136890852784e-03,4.346496359955381514e-03,3.504296730337991316e-04,5.419847396749397778e-02,8.975340367746184253e-03,2.337318210372966645e-05,4.464116959036950466e-02,8.535347201885255461e-03,4.115056579289863223e-03,2.299818800141252215e-02,5.997500738026065184e-04,6.938893903907228378e-18,1.216936146108398009e-01,1.120728285316633099e-01,7.573948416546037732e-02,1.191641566739285174e-01,1.219456263848782557e-01,1.332145229886171622e-01,9.570726381336044919e-02,1.258757431549112626e-01,7.798703628469827454e-02,1.249953217775845726e-01,1.131881645719425983e-01,1.028943220703505690e-01,9.379651440227575188e-02,1.207054489336561662e-03,2.648974130230870804e-04,7.868785123016424840e-03,8.580549412915221795e-04,6.166613840381592049e-03,7.352949419016445139e-04,4.950245661933257157e-03,2.289033705622485568e-04,4.913137922456048976e-04,9.953050942874887719e-04,2.379207180131878967e-03,2.259819534756154818e-04,1.498943250957255604e-03
4.261576971214017101e-02,2.227044680821200758e-04,3.202309891842058498e+00,2.103139957349660083e-01,2.464566257124401749e-01,2.576795209577654178e-01,2.230102258973753332e-03,2.750000000000000708e-02,-3.128134886909737844e+01,2.085007525406756379e+00,7.428250255370748567e-01,6.852127466431111591e-01,4.280789943578316992e-01,3.423759121248379222e-01,1.549832588533250344e-01,1.469367005908392143e-01,8.321439117550853692e-02,3.352348254465883914e-03,6.401273918084895986e-02,-1.391327421655031392e-02,-1.359311221047043196e-02,3.497495565114197395e-03,4.987580928537920085e-04,3.735741078453633929e-02,1.269217569254102842e-03,1.963861626866810761e-01,2.364512335596510688e-03,1.146135659377201486e-02,3.230758358749165706e-04,5.974380016593312500e-04,1.420419886866422770e-03,4.376351594056046221e-03,5.468361358950607010e-04,5.371599994705494874e-02,8.738349175057148754e-03,1.578140725913622193e-05,5.632774870407770279e-02,5.846816579896887793e-03,3.986601327438606818e-03,2.090271832360465765e-02,5.942951258346902167e-04,6.938893903907228378e-18,1.908631295540395012e-01,1.110941445335856953e-01,1.460467228746025747e-01,1.339068655544595199e-01,1.439854778619929498e-01,1.061528064966177076e-01,1.131723227604166937e-01,1.340405527252770401e-01,1.216723674657322340e-01,8.914260016204068882e-02,1.090039870807714140e-01,9.073383316164819468e-02,1.360409189377629058e-01,2.169551004044773662e-03,2.716944827278121007e-04,7.699672060011111818e-03,7.112978750119626839e-04,7.184731497172807888e-03,1.338748810893641578e-03,6.907326661517044358e-03,2.282717421845594397e-04,3.821523436483338794e-04,1.172962348137767796e-03,2.539423489182252285e-03,3.087962133934255590e-04,1.949463504039945219e-03
3.879849812265331876e-02,2.284797556377300058e-04,3.212545361185399351e+00,2.092781465772346472e-01,2.461341164042850083e-01,2.563289678736501154e-01,2.086058210635539402e-03,2.750000000000000708e-02,-3.125077672692425423e+01,2.094202664583352913e+00,7.564056209205404224e-01,7.521471698961904595e-01,4.772675438982758034e-01,3.261583969990227150e-01,1.257925303578350251e-01,1.756589517863331174e-01,1.217524653154909570e-01,5.221892888952358452e-02,1.391432406870793392e-02,-6.729951673783970967e-02,-5.478844323583613452e-02,3.031651747691384291e-03,6.103623679371094181e-04,3.814264452187079990e-02,1.461505055896819821e-03,1.968544010195097116e-01,1.029118047230947759e-03,9.864920522723636190e-03,2.953479976173493558e-04,5.889045442327770202e-04,1.561704532304793039e-03,4.686712799403518204e-03,4.588394320312127279e-04,5.389091195389528188e-02,7.602674617515613534e-03,2.274413041039275186e-05,4.662721981612986261e-02,7.206778317563332890e-03,3.401388433654151198e-03,2.666128150829946350e-02,6.394834851738159884e-04,6.938893903907228378e-18,1.226275158050586234e-01,9.919528657629628210e-02,1.277782670183292280e-01,1.190970619646023743e-01,1.395551008949180161e-01,1.276131154085659025e-01,1.522964771599328027e-01,1.296832540255641320e-01,9.646863192017453292e-02,1.014398299363905992e-01,1.265046158194564618e-01,1.087528134697176435e-01,1.068834383528156767e-01,2.104655680780239454e-03,3.619897941575974916e-04,5.820267379413672851e-03,1.013406141062074247e-03,6.660010511126672299e-03,6.329928895490153674e-04,5.176450428723259126e-03,2.257329342793716403e-04,3.668305921226168984e-04,9.625781224308917715e-04,2.786204470613081949e-03,3.202846577974357688e-04,1.769757475144828271e-03
3.679599499374217736e-02,2.476739485923288306e-04,3.213866748470302070e+00,2.089323177514227636e-01,2.459822594896808601e-01,2.427928647575935961e-01,1.980648729303643302e-03,2.750000000000000708e-02,-3.120163190464263181e+01,2.112000360702595447e+00,7.279144238800658862e-01,6.738096971210140174e-01,4.389867637387193655e-01,3.832685941309170174e-01,2.749572101864158347e-01,1.620295149580342486e-01,5.145758710453168794e-03,-2.607713248402766457e-02,3.151514241740368399e-02,-1.569354995584754803e-02,-8.773734509995499004e-03,2.585579184092279791e-03,7.324305711409324600e-04,3.310858500155067913e-02,1.531639707611462051e-03,2.025429787033856122e-01,1.889183861488177895e-03,9.430834113837356994e-03,2.859914246213610556e-04,6.224580160733583518e-04,1.234340704128582050e-03,4.063506287050257411e-03,3.859790703399113574e-04,5.535290154243275446e-02,7.799968185673534712e-03,1.856381646741802575e-05,3.720531676711580360e-02,5.930417737647153756e-03,4.527593249703142607e-03,2.581278776176874207e-02,4.044658238716656706e-04,6.938893903907228378e-18,1.387925655174405137e-01,1.084114933256720981e-01,8.229524722474387821e-02,1.183183798641931350e-01,1.375936034979045319e-01,9.464473855201301078e-02,1.186861881831467735e-01,1.487032835623786631e-01,1.004130700227087863e-01,1.078402428112129191e-01,1.251935184698724501e-01,9.962735867444171001e-02,1.395047838623368619e-01,1.173101229649397333e-03,3.674822716110177239e-04,7.138578623369862264e-03,6.478453548142954323e-04,6.485722666266601107e-03,1.063456258251440798e-03,5.117045651279308882e-03,1.658210600661793764e-04,3.915234828049055506e-04,7.857075961247338494e-04,2.217843802133178180e-03,2.032589280894672007e-04,1.724333305753571318e-03
3.986232790988735591e-02,2.320170008110050697e-04,3.200649656071613780e+00,2.118491700916549925e-01,2.470990126960102840e-01,2.516863158049215121e-01,1.983499285817314807e-03,2.750000000000000708e-02,-3.132510360984435493e+01,2.012342540344640884e+00,7.337003035308253818e-01,7.422920063866138563e-01,4.837006968931592543e-01,3.892831416711378112e-01,2.741334649212201491e-01,1.971690262177247521e-01,4.791003823108462567e-02,-3.299780002245020216e-02,1.655628129945729138e-02,-1.264958825930018183e-02,-3.662622511316917379e-02,2.375795173447691096e-03,5.217307467431759552e-04,3.741498928328928358e-02,1.444756287268473497e-03,1.997918375307767280e-01,1.247971576754312558e-03,1.049545180473363849e-02,2.719553468784721207e-04,5.518937076640001221e-04,1.296889724586660058e-03,3.539031013873240872e-03,3.763304753226439530e-04,5.472893318015675801e-02,7.082959207835628698e-03,1.515453413455417201e-05,4.438809720672997478e-02,5.922888230183918218e-03,3.491541245243335971e-03,1.891838187280501030e-02,4.407667649290499391e-04,6.938893903907228378e-18,1.078140063843458923e-01,1.097881782370479370e-01,1.148508184319911030e-01,8.933753504257109512e-02,1.308240066778825761e-01,1.662175049455642817e-01,1.364476046307034063e-01,1.488867637688637557e-01,1.163236267484983044e-01,1.298214360840037884e-01,1.269033561434193269e-01,1.327160374537813825e-01,1.079105138717447732e-01,1.381251088836649415e-03,3.338527204567493683e-04,7.820362952315142516e-03,1.186989603185114759e-03,6.160954760576031579e-03,8.685111603278105772e-04,4.355354291176500095e-03,2.048877959342263291e-04,3.468378359577819060e-04,7.791748361166189654e-04,1.926072766593569900e-03,2.305107985517929016e-04,1.560650560722375230e-03
